"(For Alias / PaymentProfile)","(Para Alias / PaymentProfile)"
"* Required Fields","* Required Fields"
"-- No Status Change --","-- No Status Change --"
"3D Secure","3D Secure con éxito"
"3D Secure Authentication","3D Secure Authentication"
"3D Secure failed","3D Secure fallado"
"3D Secure sucess","3D Secure con éxito"
"<span class=""card-expiry-format-note"">The expected format is '!format' where the 'MM' means the month number and 'YY' the year number.</span>","<span class=""card-expiry-format-note"">El formato esperado es '!format' donde el 'MM' significa el número del mes y 'YY' el número de años.</span>"
"A authorized transaction cannot be authorized again.","Una transacción autorisada no puede ser autorisada otra vez"
"A authorized transaction cannot be marked as failed.","Una transacción autorizada no puede ser marcado como fallada"
"A cancelled transaction cannot be authorized.","Una transacción cancelada no puede ser autorizada"
"A cancelled transaction cannot be cancelled again.","Una transacción cancelada no puede ser cancelada otra vez"
"A cancelled transaction cannot be captured.","Una transacción cancelada no puede ser contabilizada"
"A cancelled transaction cannot be marked as failed.","Una transacción cancelada no puede ser marcado como fallada"
"A cancelled transaction cannot be refunded.","Una transacción cancelada no puede ser reembolsada"
"A captured transaction cannot be authorized.","Una transacción contabilizada no puede ser autorizada"
"A captured transaction cannot be cancelled.","Una transacción contabilizada no puede ser cancelada"
"A captured transaction cannot be marked as failed.","Una transacción contabilizada no puede ser marcado como fallada"
"A failed authorization cannot be authorized.","Una autorización fallada no puede ser autorizada"
"A payment method may not available for customers from different counties. You can decide when this availability check should happen. We recommend to set it during authorization","Algunos métodos de pago no están permitidos para ciertos países. Usted puede decidir en qué momento la verificación de disponibilidad se va a realizar. Recomendamos 'Durante la autorización'."
"A refund was added over !amount.","Un reembolso se añadió durante  !amount."
"A transaction may be uncertain, when the payment is not guaranteed. For example in case the credit card does not participate in the 3D procedure.","Una transacción puede ser incierto, cuando no se garantiza el pago. Por ejemplo en el caso de la tarjeta de crédito no participa en el procedimiento de 3D​​."
"About","About"
"Account Holder Name","Titular de la cuenta Nombre"
"Account owner name.","Nombre del titular"
"Action","Acción"
"Actions","Actions"
"Activate","Activate"
"Active","Active"
"Additional Information","Additional Information"
"Adjust Qty","Ajuste de cantidad"
"Adjustment Discount","Adjustment Discount"
"Adjustment Fee","Adjustment Fee"
"After payment selection","Después de elegir la forma de pago"
"Ajax authorization not supported.","Autorización Ajax no es compatibl"
"Alias","Alias"
"Alias For Display","Alias ​​para la exhibición"
"Alias information retrievel failed with error code:","Alias recuperación de información error con el código:"
"Alias information retrievel failed with error code: "" . $cardInfos['code'] . "".","La recuperación de la información Alias ​​falló con el código de error:' . $cardInfos['code'] . '."
"All Customers","All Customers"
"Allowed Currencies","Allowed Currencies"
"Allowed currencies for this payment method","Moneda permitida para esta forma de pago"
"Already registered?","Already registered?"
"Always Checkout as Guest","Always Checkout as Guest"
"American Express","American Express"
"Amount","Montante"
"Amount Incl. Tax","Amount Incl. Tax"
"Api access passcode","API Access Passcode"
"Api access passcode (Alias)","API Access Passcode (Alias)"
"Api access passcode (Alias) of the live account.","API access passcode (Alias) of the live account."
"Api access passcode (Alias) of the test/sandbox account","API access passcode (Alias) of the test/sandbox account"
"Api access passcode (Live)","API access passcode (Live)"
"Api access passcode of the test/sandbox account","API access passcode of the test/sandbox account"
"Are you sure you want to cancel this order?","Are you sure you want to cancel this order?"
"Author","Author"
"Authorization Amount","Importe de autorisación"
"Authorization Failed","Autorisación fallada"
"Authorization Method","Método de autorización"
"Authorization is uncertain.","Autorización está incierta"
"Authorized Status","Estado de la autorización"
"Await Notification","Await Notification"
"Awaiting confirmation","Awaiting confirmation"
"BIC","BIC"
"Bad signature format.","Bad signature format."
"Bank Location","Banco Ubicación"
"Bank Name","Nombre del banco"
"Bank account number","Número de cuenta bancaria"
"Bank code number","Código bancario"
"Before payment selection","Antes de elegir la forma de pago"
"Billing Address","Billing Address"
"Billing Information","Billing Information"
"Billing address","Dirección de facturación"
"Brand Name","Brand Name"
"By setting the capturing the reservation can be captured directly after the order or later manually over the backend of the store.","By setting the capturing the reservation can be captured directly after the order or later manually over the backend of the store."
"By setting the capturing the reservation can be captured directly after the order or later manually over the backend of the store. The difference between 'order' and 'authorization' is that on 'order' only a check is done, but not really a reservation on the card.","Al establecer la captura de la reserva se puede capturar directamente después del pedido o después manualmente en el back-end de la tienda. La diferencia entre el 'pedido' y 'autorización' es que el 'pedido' sólo se realice una comprobación, pero no es realmente una reserva en la tarjeta."
"CVC Code","CVC código"
"Cancel","Cancel"
"Cancel ID","Cancel ID"
"Cancel pending orders when out of stock","Cancelar órdenes pendientes si el artículo ya no está en stock"
"Cancel status","Cancelar Estado"
"Canceled BeanstreamCw","Canceled BeanstreamCw"
"Canceling of this payment not possible!","La cancelación de este pago no es posible"
"Cancelled Status","Estado de la cancelación"
"Cannot update item quantity.","No se puede actualizar la cantidad de artículo."
"Capture (Don't Close)","Capture (Don't Close)"
"Capture Amount","Capture Amount"
"Capture ID","Capture ID"
"Capture amount","Cantidad de captura"
"Capture information","Informaciones de la contabilización"
"Capture status","El estado de captura"
"Capture: Don't Close","Capture: Don't Close"
"Captured Amount","Importe reembolsado"
"Captured Status","Estado de la captura"
"Captures","Captures"
"Captures & Refunds","Captures & Refunds"
"Capturing","Capturing"
"Card Expiration","Fecha de vencimiento de la tarjeta"
"Card Holder Name","Titular de tarjeta"
"Card Number","Número de tarjeta"
"Carrier Title","Carrier Title"
"Charging Alias: Unkown error","Alias de carga: Error desconocido"
"Check out faster","Check out faster"
"Check to activate the external checkout.","Check to activate the external checkout."
"Checkout","Checkout"
"Checkout as Guest","Checkout as Guest"
"Checkout as a Guest or Register","Checkout as a Guest or Register"
"Checkout as a new customer","Checkout as a new customer"
"Checkout using your account","Checkout using your account"
"Choose settlement after order in case you want an invoice to be created with your oder. The state of the invoice will set according to your capture status","Selecciona 'Creación después del pedido' si quiere que se crea una factura con el pedido. El estado de la factura basa en la el estado contabilización."
"Company Commercial Number","Compañía Número Comercial"
"Confirm Password","Confirm Password"
"Continue","Continuar"
"Copy the API Access Passcode and the Haskey into the main module. You find this settings under Administration > Account Settings > Order Settings. Make sure that the Hash algorithm is set correctly in the module.","Copy the API Access Passcode and the Haskey into the main module. You find this settings under Administration > Account Settings > Order Settings. Make sure that the Hash algorithm is set correctly in the module."
"Could not convert object of type '!type' to string.","No se pudo convertir el objeto de tipo '!type' a string."
"Could not find a brand for the given card number.","No se pudo encontrar una marca para el número de la tarjeta dada."
"Could not find pressed button.","No se pudo encontrar el botón presionado."
"Could not find template file at default location '!location'.","No se pudo encontrar el archivo de plantilla en la ubicación predeterminada '!location'."
"Could not find the payment method !paymentMethodName.","No se pudo encontrar la forma de pago !paymentMethodName."
"Could not load layout from URL !url. Reason: !reason","No se pudo cargar el diseño de URL !url. Motivo: !reason"
"Create Account","Create Account"
"Create New Order - Payment","Create New Order - Payment"
"Create a recurring payment, with an existing alias is not supported","Create a recurring payment, with an existing alias is not supported"
"Creating an account has many benefits:","Creating an account has many benefits:"
"Creation Date","Creation Date"
"Credit Card Brands","Marcas de Tarjeta de Crédito"
"Credit Memo History","Credit Memo History"
"Credit Memo Totals","Credit Memo Totals"
"Credit memo's total must be positive.","Total del nota de crédito debe ser positivo."
"Currency","Moneda"
"Current Configuration Scope:","Alcance de configuración actual:"
"Customer Account","Customer Account"
"Customer Alias Management","Customer Alias Management"
"Customer successfully returned from BeanstreamCw","El cliente ha regresado con éxito de BeanstreamCw"
"Customer successfully returned from Beanstream","Cliente regresó con éxito de Beanstream"
"Customer sucessfully returned from the BeanstreamCw payment page.","El cliente con éxito regresó de la página de pago (PaymentPage) de BeanstreamCw."
"Customers","Customers"
"Customweb","Customweb"
"Date","Fecha"
"Date of Birth","Fecha de nacimiento"
"Day","Día"
"Deactivate","Deactivate"
"Dear customer we have received your billing and shipping information. In order to finish your order please create an account below or checkout as guest.","Dear customer we have received your billing and shipping information. In order to finish your order please create an account below or checkout as guest."
"Dear customer, it appears to us that your payment was successful, but we are still waiting for confirmation. You can wait on this page and we will redirect you after we received the confirmation. Or you can close this window and we will send out an order confirmation email.","Dear customer, it appears to us that your payment was successful, but we are still waiting for confirmation. You can wait on this page and we will redirect you after we received the confirmation. Or you can close this window and we will send out an order confirmation email."
"Default Config","Configuración estándar"
"Deferred (authorization)","Diferido (autorización)"
"Deferred capturing","Contabilización retrasada"
"Deferred settlement","Creación retrasada"
"Define a maximal order total for this checkout to be available.","Define a maximal order total for this checkout to be available."
"Define a minimal order total for this checkout to be available.","Define a minimal order total for this checkout to be available."
"Delayed","Retrasado"
"Delete","Borrar"
"Delivery address","Dirección de envío"
"Description","Descripción"
"Diners Club","Diners Club"
"Direct Debits","Direct Debits"
"Direct E-Banking","Direct E-Banking"
"Direct capture after order","Contabilización immediatamente después del pedido"
"Directly after order (sale)","Directamente después del pedido (venta)"
"Disabled","Desactivado"
"Discount","Immediatamente después del pedido"
"Discount Amount","Cantidad de Descuento"
"Discovercard","Discovercard"
"Do only check the payment information (order)","No sólo comprobar la información de pago (pedido)"
"Don't change order status","No cambie el estado del pedido."
"During authorization","Durante la autorización"
"Edit","Editar"
"Edit Invoice #%s","Edit Invoice #%s"
"Edit Invoice %s","Edit Invoice %s"
"Email Address","Email Address"
"Empty version number field name","Empty version number field name"
"Enable or disable logging.","Enable or disable logging."
"Enable the payment method","Activar forma de pago"
"Enabled","Activado"
"Enter the date on which your card expires.","Introduzca la fecha en la que expira su tarjeta."
"Error during authorization.","Error de autorización."
"Error with the length of the validation date.","Error with the length of the validation date."
"Excl. Tax","Excl. impuesto"
"External Checkout","External Checkout"
"External Checkout: Guest Checkout","External Checkout: Guest Checkout"
"Failed","Fallado"
"Failed payment authorization.","Error de autorización de pago."
"Figure !number:","Figure !number:"
"Forgot Your Password?","Forgot Your Password?"
"Forgot your password?","Forgot your password?"
"Get Update","Get Update"
"Hash Key (Live)","Hash Key (Live)"
"Hash Key (Test/Sandbox)","Hash Key (Test/Sandbox)"
"Here you can insert an order prefix. The prefix allows you to change the order number that is transmitted to Authorize.net. The prefix must contain the tag {id}. It will then be replaced by the order number (e.g. name_{id}).","Here you can insert an order prefix. The prefix allows you to change the order number that is transmitted to Authorize.net. The prefix must contain the tag {id}. It will then be replaced by the order number (e.g. name_{id})."
"Here you can insert an order prefix. The prefix allows you to change the order number that is transmitted to Beanstream. The prefix must contain the tag {id}. It will then be replaced by the order number (e.g. name_{id}).","Aquí usted puede insertar un prefijo para el pedido. El prefijo le permite cambiar el número del pedido que se transmite a Beanstream. El prefijo debe contener la etiqueta {id}. A continuación, se sustituye por el número de orden (por ejemplo name_{id})."
"Here you can insert an order prefix. The prefix allows you to change the order number that is transmitted to Beanstream. The prefix must contain the tag {id}. It will then be replaced by the order number (e.g. name{id})(only alphanummeric characters).","Aquí usted puede insertar un prefijo orden. El prefijo le permite cambiar el número de orden que se transmite a Beanstream. El prefijo debe contener la etiqueta {id}. A continuación, se sustituye por el número de pedido (por ejemplo, name_{id}) (sólo caracteres alfanuméricos)."
"Hide","Hide"
"IBAN","IBAN"
"IBAN number","número IBAN"
"If a product is in stock only once and the payment of the customer ordering this product fails or is aborted, it won't be available until the order is canceled (see timeout option below). Enable this setting to cancel the customer's pending orders when he returns to the cart page and a product is not available anymore.","Si sólo hay una unidad en stock y el pago del cliente (comprando esta unidad) falla, el producto está reservado hasta que la orden esta cancelada (vea la opción de tiempo de espera). Activa esta opción si desea que el producto NO está reservado. Ordenes con un estado de pago fallido o annulado entonces serán canceladas inmediatamente."
"If a product is in stock only once and the payment of the customer ordering this product fails or is aborted, it won't be available until the order is canceled (see timeout option below). Enable this setting to cancel the customer's pending orders when he returns to the cart page and a product is not available anymore. Be careful though: If you enable this option, there is a chance that payments are made with the corresponding order being already canceled.","If a product is in stock only once and the payment of the customer ordering this product fails or is aborted, it won't be available until the order is canceled (see timeout option below). Enable this setting to cancel the customer's pending orders when he returns to the cart page and a product is not available anymore. Be careful though: If you enable this option, there is a chance that payments are made with the corresponding order being already canceled."
"If it is not applicable leave the field empty.","Si no es aplicable deje el campo vacío."
"If the status is 'Pending' it is unclear whether the transaction will be cancelled successfully.","Si el estado es ""pendiente"" no está claro si la transacción se cancelará con éxito."
"If the status is 'Pending' it is unclear whether the transaction will be captured successfully.","Si el estado es ""pendiente"" no está claro si la transacción será capturado con éxito."
"If the status is 'Pending' it is unclear whether the transaction will be refunded successfully.","Si el estado es ""pendiente"" no está claro si la transacción será devuelto con éxito."
"If the test mode is selected the test account is used. Otherwise the configured account is used.","If the test mode is selected the test account is used. Otherwise the configured account is used."
"If the test mode is used, then the test credentials are used. Usually, the test credentials are the same as the live credentials.","Si se utiliza el modo de prueba, a continuación, se utilizan las credenciales de prueba. Por lo general, las credenciales de ensayo son las mismas que las credenciales en vivo."
"If you have any issues with the module please feel free to contact us. See our <a href='https://www.sellxed.com/en/support' target='_blank'>support page</a> for more information.","If you have any issues with the module please feel free to contact us. See our <a href='https://www.sellxed.com/en/support' target='_blank'>support page</a> for more information."
"If you select this checkbox, the payment will be captured at the PSP and you can not add additional captures.","If you select this checkbox, the payment will be captured at the PSP and you can not add additional captures."
"If you would like to use recurring payments, you need our magento module ""Customweb Subscription"". For further information go to <a href=""http://www.sellxed.com/shop/"" target=""_blank"">sellxed.com</a>.","If you would like to use recurring payments, you need our magento module ""Customweb Subscription"". For further information go to <a href=""http://www.sellxed.com/shop/"" target=""_blank"">sellxed.com</a>."
"Image Brand Selection","Image Brand Selection"
"In some cases it may take a few seconds until the transaction is successfully authorized. When this option is enabled, the notification is awaited.","In some cases it may take a few seconds until the transaction is successfully authorized. When this option is enabled, the notification is awaited."
"In some cases the transaction requires a few seconds until it is successfully authorized. When this option is enabled the user is hold until the transaction reach the final state. If this is not the case in 30 seconds a message is shown to the customer, which explains the situation.","In some cases the transaction requires a few seconds until it is successfully authorized. When this option is enabled the user is hold until the transaction reach the final state. If this is not the case in 30 seconds a message is shown to the customer, which explains the situation."
"In your Beanstream configuration navigate to administration > account settings > order settings. In ""Payment Gateway -> Security/Authentication"" enter this key in the field ""Hash Key"". Make sure the box ""Include hash validation in Transaction Response Page redirection and Payment Gateway Response Notification"" is checked and ""SHA-1"" is selected.","En su configuración Beanstream navegue hasta Administration > Account Settings > Order settings. En 'Payment Gateway > Security/Authentication' entrar en esta clave en el campo 'Hash Key'. Asegúrese de que la casilla 'Include hash validation in Transaction Response Page redirection and Payment Gateway Response Notification' se comprueba y se selecciona 'SHA-1'."
"In your Beanstream configuration navigate to administration > account settings > order settings. In ""Payment Gateway -> Security/Authentication"" enter this key in the field ""Hash Key"". Make sure the box ""Include hash validation in Transaction Response Page redirection and Payment Gateway Response Notification"" is checked and ""SHA-1"" is the selected ""Hash algorithm"".","En su configuración Beanstream navegue hasta Administration > account settings > order settings. En 'Payment Gateway -> Security/Authentication' entrar en esta clave en el campo 'Hash Key'. Asegúrese de que la casilla 'Include hash validation in Transaction Response Page redirection and Payment Gateway Response Notification' está marcada y 'SHA-1' es el 'Hash algorithm' seleccionado."
"Inactive","Inactive"
"Incl. Tax","Incl. impuesto"
"Information","Información"
"Initiate Alias: Unkown error","Iniciar Alias: Error desconocido"
"Invalid login or password.","Invalid login or password."
"Invoice Items","Artículos factura"
"Invoice Settlement","Invoice Settlement"
"Invoice Totals","Totales de las facturas"
"Invoice settlement","Creación de la factura."
"Invoice was created successfully","La cuenta ha sido creada con éxito"
"Invoices","Facturas"
"Issue Number","Número de emisión"
"It is not possible to checkout in your country.","It is not possible to checkout in your country."
"Item","Item"
"Items","Items"
"Items Refunded","Items Refunded"
"JCB","JCB"
"Live HMAC Key","Live HMAC Key"
"Live Identifier (PBX_IDENTIFIANT)","Live Identifier (PBX_IDENTIFIANT)"
"Live Mode","Live Mode"
"Live Password","Live Password"
"Live Rang (PBX_RANG)","Live Rang (PBX_RANG)"
"Live Site ID (PBX_SITE)","Live Site ID (PBX_SITE)"
"Logging","Logging"
"Login","Login"
"Login & Register","Login & Register"
"Login and password are required.","Login and password are required."
"Mail order/telephone order authorization","Autorización para pedido para e-Mail/pedido telefónico"
"Manage Stores","Administrar las tiendas"
"Manage Beanstream Aliases","Manage Beanstream Aliases"
"MasterCard","MasterCard"
"Maximum Order Total","Cantidad máxima del pedido"
"Merchant ID","Merchant ID"
"Merchant Id","Merchant ID"
"Merchant Id (Live)","Merchant ID (Live)"
"Merchant Id (Live) (CAD)","Merchant Id (Live) (CAD)"
"Merchant Id (Live) (USD)","Merchant Id (Live) (USD)"
"Merchant Id (Test/Sandbox)","Merchant ID (Test/Sandbox)"
"Merchant Id (Test/Sandbox) (CAD)","Merchant Id (Test/Sandbox) (CAD)"
"Merchant Id (Test/Sandbox) (USD)","Merchant Id (Test/Sandbox) (USD)"
"Message","Notificación"
"Method Title","Method Title"
"Minimum Order Total","Cantidad mínima del pedido"
"Month","Mes"
"My Beanstream Aliases","My Beanstream Aliases"
"New Order","New Order"
"New Order Status","Estado de orden nuevo"
"New card","New card"
"Next Update Execution Date","Next Update Execution Date"
"No","No"
"No Items","No Items"
"No additional payment information available.","No hay información adicional de pago disponible."
"No authorization method found for payment method !method.","Ningún método de autorización encontrado para el pago al !method."
"No button returned.","Botón no regresó."
"No refund possible.","Ningún reembolso posible"
"No shipping method needed.","No shipping method needed."
"No, use the dropdown.","No, utilice la lista desplegable."
"Notification URL","Notification URL"
"Only USD and CAD is supported at the moment.","Only USD and CAD is supported at the moment."
"Only USD is supported at the moment.","Sólo USD se apoya en este momento."
"Only an authorized transaction can be marked as finally declined.","Only an authorized transaction can be marked as finally declined."
"Only an uncertain transaction can be marked as finally declined.","Only an uncertain transaction can be marked as finally declined."
"Only authorized transaction can be cancelled.","Sólo las transacciones autorizadas se pueden cancelar."
"Only authorized transaction can be captured.","Sólo las transacciones autorizadas pueden ser contabilizadas"
"Only authorized transaction can be refunded.","Sólo las transacciones autorizadas pueden ser reembolsadas."
"Only captured transaction can be refunded.","Sólo las transacciones contabilizadas pueden ser reembolsadas"
"Only on captured transaction the flag customer refusing to pay can be set.","Only on captured transaction the flag customer refusing to pay can be set."
"Operation Mode","Modo de funcionamiento"
"Order #","Order #"
"Order Grand Total","Gran Total del Pedido"
"Order Information","Order Information"
"Order Prefix","Prefijo para el pedido"
"Order Review","Order Review"
"Order Summary","Order Summary"
"Order Total","Order Total"
"Order cancelled, because the customer was too long in the payment process of Beanstream.","El pedido fue cancelado debido a que el cliente se encuentra demasiado tiempo en el proceso de pago de Beanstream."
"Order prefix","Order prefix"
"Order was placed using %s","Order was placed using %s"
"Orders","Orders"
"Orders with with payments that are longer pending than the specified timeout in minutes are cancelled automatically.","Pedidos cuyos pagos quedarán pendiente mayor que el tiempo definido en minutos se cancelarán automáticamente. Para utilizar esta función es necesario configurar Magento cron."
"Paid Amount","Cantidad pagada"
"Partial refund not possible. You may retry with the total transaction amount.","Reembolso parcial imposible. El importe es mayor que el importe total contabilizado."
"Password","Password"
"Password and password confirmation are not equal.","Password and password confirmation are not equal."
"Pay with ____paymentMethodName____","Pay with ____paymentMethodName____"
"Payment","Payment"
"Payment ID","ID de pago"
"Payment Id","ID de pago"
"Payment Information","Condiciones de venta"
"Payment Method","Forma de pago"
"Payment Surcharge","Payment Surcharge"
"Payment captured successfully.","Pago capturado con éxito."
"Payment could not be authorized. Cancelling order. Reason :","El pago no fue autorizado. El pedido será cancelado. Razón:"
"Payment details can be entered after placing the order","Detalles del pago se pueden introducir a partir del pedido"
"Payment from Applicable Countries","Payment from Applicable Countries"
"Payment from Specific Countries","Payment from Specific Countries"
"Payment from applicable countries","Pago de países aplicables"
"Payment from specific countries","Pago de países específicos"
"Payment is pending at BeanstreamCw","Pago está pendiente con BeanstreamCw"
"Payment method description","Descripción de la forma de pago"
"Payment with %s","Pago con %s"
"Payment with Beanstream","Pago con Beanstream"
"Payments may be updated periodically (interval in minutes). To use this feature you have to setup magento cron","Los pagos se pueden actualizar de forma automática (intervalo en minutos) via API (sie está activado). Para utilizar la función, el Magento Cron debe estar activado."
"Pending","Pendiente"
"Pending BeanstreamCw","Pending BeanstreamCw"
"Place Order","Place Order"
"Please agree to all the terms and conditions before placing the order.","Please agree to all the terms and conditions before placing the order."
"Please check the entered CVC number.","Por favor, compruebe el número de CVC introducido."
"Please check the entered credit card number.","Por favor, compruebe el número de la tarjeta de crédito introducida."
"Please enter here the Bank Identifier Code (BIC).","Por favor introduzca el Código de identificación bancaria (BIC)."
"Please enter here the CVC code from your card. You find the code on the back of the card.","Por favor, introduzca la CVC su tarjeta. Usted puede encontrar esto en la parte de atrás de su tarjeta de crédito."
"Please enter here the International Bank Account Number (IBAN).","Por favor introduzca el Número de Cuenta Bancaria Internacional (IBAN)."
"Please enter here the account holder name on the card.","Por favor introduzca el nombre titular de la cuenta de la tarjeta."
"Please enter here the account holder name.","Escriba aquí el nombre del titular."
"Please enter here the account number of your bank account.","Introduce el número de cuenta de tu cuenta bancaria."
"Please enter here the bank code of your bank.","Por favor, introduzca su código bancario."
"Please enter here the card holder name on the card.","Por favor indique el titular de la tarjeta a su tarjeta de crédito."
"Please enter here the commercial number of your company.","Por favor introduzca el número comercial de su empresa."
"Please enter here the name of the account owner.","Por favor, introduzca el nombre del titular de la cuenta bancaria"
"Please enter here the number on your card.","Por favor, introduzca su número de tarjeta"
"Please enter here the sales tax number of your company.","Por favor, introduzca aquí el número de impuesto sobre las ventas de su empresa."
"Please enter here your social security number.","Por favor, introduzca aquí su número de seguro social."
"Please enter the location of your bank.","Por favor, introduzca la ubicación de su banco."
"Please enter the name of your bank.","Por favor escriba el nombre de su banco."
"Please enter your IBAN number.","Por favor, introduzca su número de IBAN."
"Please enter your issue number, if there is no CVC code on your card.","Por favor, introduzca su número de emisión, si no existe un código CVC de su tarjeta."
"Please flash or disable the cache storage and retry. If this did not help, change the authorization method to PaymentPage and <a href=""%s"" target=""_blank"">contact sellxed</a>.","Please flash or disable the cache storage and retry. If this did not help, change the authorization method to PaymentPage and <a href=""%s"" target=""_blank"">contact sellxed</a>."
"Please flash or disable the cache storage and retry. If this did not help, change the authorization method to PaymentPage and <a href=""%s"" target=""_blank"">contact sellxed</a>.', 'http://www.sellxed.com/en/support","Por favor, parpadear o desactivar el almacenamiento de caché y vuelva a intentarlo. Si esto no ayuda, cambie el método de autorización para PaymentPage y <a href=""%s"" target=""_blank"">contacta sellXed</a>.', 'http://www.sellxed.com/en/support"
"Please flush or disable the cache storage and retry. If this did not help, change the authorization method to PaymentPage and <a href=""%s"" target=""_blank"">contact sellxed</a>.","Please flush or disable the cache storage and retry. If this did not help, change the authorization method to PaymentPage and <a href=""%s"" target=""_blank"">contact sellxed</a>."
"Please log in below:","Please log in below:"
"Please select","Por favor seleccione"
"Please select a shipping method before sending the order.","Please select a shipping method before sending the order."
"Please select the Bank Identifier Code (BIC) of your bank.","Por favor, seleccione el código de identificación bancaria (BIC) de su banco."
"Please select the day of your birth.","Por favor seleccione el día de su nacimiento."
"Please select the expiry month on your card.","Por favor seleccione el mes de la fecha de vencimiento de su tarjeta de crédito."
"Please select the expiry year on your card.","Por favor introduzca la fecha de caducidad de la tarjeta."
"Please select the month of your birth.","Por favor seleccione el mes de su nacimiento."
"Please select the the year of your birth.","Por favor, seleccione el año de tu nacimiento."
"Price","Precio"
"Product","Producto"
"Product Name","Product Name"
"Purchase Point","Purchase Point"
"Qty","Cantidad"
"Recurring Payments","Recurring Payments"
"Refund Amount","Cantidad del reembolso"
"Refund ID","ID Reembolso"
"Refund amount","La cantidad del reembolso"
"Refund information","Informaciones del reembolso"
"Refund status","Estado de su reembolso"
"Refunded Amount","Importe reembolsado"
"Refunds","Refunds"
"Register","Register"
"Register to Create an Account","Register to Create an Account"
"Register with us for future convenience:","Register with us for future convenience:"
"Release Date","Release Date"
"Retrieving CardData: Unkown error","CardData Recuperación: Error desconocido"
"Review","Review"
"Rounding Adjustment","Rounding Adjustment"
"Row Total","Fila total"
"SEPA Mandate ID","SEPA Mandate ID"
"SKU:","SKU:"
"Sales","Venta"
"Sales Tax Number","Número de Impuesto a las Ventas"
"Save","Guardar"
"Saved cards:","Tarjetas guardadas"
"See order and shipping status","See order and shipping status"
"Select Brand","Seleccione una marca"
"Select Method","Select Method"
"Select the authorization method to use for processing this payment method.","Selecciona el método de autorización para este método de pago."
"Select the date of your birth.","Seleccione la fecha de su nacimiento."
"Select the date on which your card expires.","Selecciona la fecha de vencimiento de la tarjeta"
"Send Invoice Email","Send Invoice Email"
"Send amounts to Beanstream in base currency.","Send amounts to Beanstream in base currency."
"Send amounts to Beanstream in store's base currency.","Send amounts to Beanstream in store's base currency."
"Send invoice email","Send invoice email"
"Send the invoice email automatically after invoice creation.","Send the invoice email automatically after invoice creation."
"Set direct capture after order. In this case your authoization will directly be captured on your customer's credit card","En 'Contabilización directa' el montante está directamente contabilizado al cliente. En el caso 'Contabilización retrasado' el montant está contabilizado con un retraso definido por usted."
"Set the API access passcode into the main module. You will find the API access passcode under Configuration > Payment Profile Configuration.","Set the API access passcode into the main module. You will find the API access passcode under Configuration > Payment Profile Configuration."
"Set the notification URL as outlined below.","Set the notification URL as outlined below."
"Set the sort order to show the external checkouts.","Set the sort order to show the external checkouts."
"Settlement after order","Creación después del pedido"
"Setup","Setup"
"Shipping & Handling","Envío y dirección"
"Shipping Address","Shipping Address"
"Shipping Amount","Cantidad del envío"
"Shipping Information","Información del envío"
"Shipping Method","Shipping Method"
"Shipping Methods","Shipping Methods"
"Shipping Refund","Reembolso para el envío"
"Shop","Shop"
"Short Installation Instructions:","Short Installation Instructions:"
"Show","Show"
"Show Account Selection","Show Account Selection"
"Show Further Settings and Information","Mostrar más ajustes e información."
"Show Image","Show Image"
"Show Payment Id","Show Payment Id"
"Show the payment id","Show the payment id"
"Show the payment id in the order information","Show the payment id in the order information"
"Show the payment image","Show the payment image"
"Show the payment image on the checkout page","Show the payment image on the checkout page"
"Sign In","Sign In"
"Social Security Number","Número de Seguro Social"
"Sort Order","Modificar orden"
"Status","Estado"
"Store the payment details","Store the payment details"
"Stored payment details","Stored payment details"
"Submit Order","Submit Order"
"Submitting order information...","Submitting order information..."
"Subtotal","Total parcial"
"Success","Exito"
"Successful","Con éxito"
"Successful online refund of amount","Reembolso exitosa línea de cantidad"
"Successful payment authorization.","Autorización de pago con éxito."
"Successfull online refund of amount","Reembolso del montante con éxito"
"Support","Support"
"Tax Amount","Total de impuestos"
"Technical issue: This payment methods is not available at the moment.","Problema técnico: Esta forma de pago no está disponible actualmente."
"Test Mode","Test Mode"
"Test Transaction","Test Transaction"
"The 3DSecure term_url parameter is to long (more than 256 characters).","El parámetro term_url 3D Secure es demasiado largo (más de 256 caracteres)."
"The 3DSecure term_url parameter is too long (more than 256 characters).","El parámetro term_url 3D Secure es demasiado largo (más de 256 caracteres)."
"The API Access Passcode (Alias) field is empty.","El campo API Access Passcode  (Alias) está vacía."
"The API Access Passcode field is empty.","El campo API Access Passcode está vacía."
"The Alias Manager for PaymentPage must not be used.","No se debe utilizar el Administrador de Alias ​​para PaymentPage."
"The HMAC key as defined in the live backoffice of Beanstream. You may need generate the HMAC key. Please take a look at the manual how to do this.","The HMAC key as defined in the live backoffice of Beanstream. You may need generate the HMAC key. Please take a look at the manual how to do this."
"The SEPA mandate schema does not contain the tag '!tag'. This tag is required.","El esquema de mandato SEPA no contiene la etiqueta '!tag'. Se requiere esta etiqueta."
"The alias could not be found.","The alias could not be found."
"The alias has been deleted.","El alias se ha eliminado."
"The alias payment failed.","El pago alias ha fallado."
"The alias transaction could not be conductet with error code: !code, and reason: !reason:","The alias transaction could not be conductet with error code: !code, and reason: !reason:"
"The amount could not be verified.","The amount could not be verified."
"The amount of !amount is authorized.","La cantidad de cada !amount está autorizado."
"The amount of !amount is captured.","La cantidad de cada  !amount es capturado."
"The amount was not the same.","La cantidad no era el mismo."
"The api access code has to be generated in the backend of Beanstream. The api access code can be found in the back office under administration > account settings > order settings. Under ""Payment Gateway"" under Security/Authentication the api access code can generated and then copied into this field.","El API Access Passcode tiene que ser generado en el backend de Beanstream. El API Access Passcode se puede encontrar en la oficina de apoyo en Administration > Account Settings > Order Settings. En 'pasarela de pago' en Security/Authentication del código puede generado y luego se copia en este campo."
"The api access code has to be generated in the backend of Beanstream. The api access code can be found in the back office under configuration > payment profile configuration. Under ""Security Settings"" the option Api access passcode has to be chosen, the code has to be generated and copied into this field.","El código de acceso a la API tiene que ser generado en el backend de Beanstream. El código de acceso a la API se puede encontrar en la oficina de apoyo en Configuration > Payment Profile < Configuration. En 'Security Settings' la opción de acceso Api código de acceso tiene que ser elegido, el código tiene que ser generado y copiado en este campo."
"The authorization method '!method' is not supported.","El método de autorización '!method' no es compatible."
"The authorization was not successful","The authorization was not successful"
"The brand of the credit card is detected by the card number if hidden authorization is used. If the payment page is used, the user has to select the brand. The allowed credit card brands can be restricted by this setting.","La marca de la tarjeta de crédito es detectado por el número de la tarjeta si se utiliza la autorización oculta. Si se utiliza la página de pago, el usuario tiene que seleccionar la marca. Las marcas de tarjetas de crédito permitidos pueden ser restringidos por este ajuste."
"The brand with external name '!key' was not present in the map.","La marca con la tecla '!key' no se encontró en el mapa información de la tarjeta."
"The brand with key '!key' was not found in the card information map.","La marca con la tecla !key' no se encontró en el mapa información de la tarjeta."
"The cancellation could not be conducted. Error code: !error.","The cancellation could not be conducted. Error code: !error."
"The capture amount (!captureAmount) cannot be greater than the authorized amount (!authorizedAmount).","La cantidad de captura (!captureAmount) no puede ser mayor que el monto autorizado (!authorizedAmount)."
"The capture item with SKU '@sku' has a higher amount (@amountItem) as the original item (@amountOriginal).","The capture item with SKU '@sku' has a higher amount (@amountItem) as the original item (@amountOriginal)."
"The capture item with SKU '@sku' is not present in the original order.","The capture item with SKU '@sku' is not present in the original order."
"The capturing could not be conducted. Error code: !error.","The capturing could not be conducted. Error code: !error."
"The capturing failed with error $code and the message $message.","La captura se produjo el error $code y el mensaje $message."
"The card brand selection is automatically done depending on the entered card number. If no Javascript is active in the browser, a drop down is shown. In case JavaScript a the brand logos can be shown. Should the brand selection using images?","La selección de la marca de la tarjeta se realiza automáticamente dependiendo de el número de tarjeta introducido. Si JavaScript está inactivo en el navegador, se muestra un menú desplegable. Si javascript está activo, los logotipos de la marca se pueden mostrar si la selección de la marca a utilizar imágenes."
"The configuration has been saved.","La configuración se ha guardado."
"The controller class '@controller' does not provide any method with annotation 'Customweb_Payment_Endpoint_Annotation_ExtractionMethod' and valid output.","The controller class '@controller' does not provide any method with annotation 'Customweb_Payment_Endpoint_Annotation_ExtractionMethod' and valid output."
"The customer does not finish the payment with in the timeout.","The customer does not finish the payment with in the timeout."
"The customer profile could not be established with error code: "" . $response['code'] . "".","El perfil del cliente no se puede establecer con el código de error:' . $response['code'] . '."
"The customer profile could not be established:","El perfil de cliente no se puede establecer:"
"The date of birth is required.","The date of birth is required."
"The gender is required.","The gender is required."
"The given CVC code has the wrong length.","El código CVC dado tiene una longitud incorrecta."
"The given card number has an invalid check sum.","El número de tarjeta dada tiene una suma de comprobación no válida."
"The given card number has an invalid length.","El número de tarjeta dada tiene una longitud no válida."
"The given hmac key is empty.","The given hmac key is empty."
"The given identifier is empty.","The given identifier is empty."
"The given password is empty.","The given password is empty."
"The given rang is empty. It must be a nummeric value with length of two.","The given rang is empty. It must be a nummeric value with length of two."
"The given rang is invalid. It must be a nummeric value with length of two.","The given rang is invalid. It must be a nummeric value with length of two."
"The given site number is empty.","The given site number is empty."
"The hash key field is empty.","El campo de Hash Key está vacía."
"The hash verification failed.","La verificación de hash falló."
"The identifier as defined in the backoffice of Beanstream.","The identifier as defined in the backoffice of Beanstream."
"The invoice could not be captured and processed by","La cuenta no se ha podido contabilizar i procesar de Beanstream."
"The invoice could not be captured and processed. Reason:","La factura no puede ser capturado y procesado. Motivo:"
"The invoice could not be found.","La factura no se pudo encontrar."
"The invoice has been changed.","La factura se ha cambiado."
"The invoice no longer exists.","La factura ya no existe."
"The layout does not contain the tag '!layout_tag'.","La disposición no contiene la etiqueta '!layout_tag'."
"The merchant ID will be provided by Beanstream. The merchant id can be found at the top of the page in the right corner.","La Merchant ID será proporcionado por Beanstream. La Merchant ID se puede encontrar en la parte superior de la página en la esquina derecha."
"The merchant ID will be provided by Beanstream. The merchant id can be found at the top of the page in the right corner. Used for CAD transactions.","The merchant ID will be provided by Beanstream. The merchant id can be found at the top of the page in the right corner. Used for CAD transactions."
"The merchant ID will be provided by Beanstream. The merchant id can be found at the top of the page in the right corner. Used for USD transactions.","The merchant ID will be provided by Beanstream. The merchant id can be found at the top of the page in the right corner. Used for USD transactions."
"The merchant Id field is empty.","The Merchant ID field is empty."
"The merchant id field for currency @currency is empty.","The merchant id field for currency @currency is empty."
"The next update execution date indicates when the next cron is run to update the transaction state.","The next update execution date indicates when the next cron is run to update the transaction state."
"The order is not fully completed. Please contact the store owner.","The order is not fully completed. Please contact the store owner."
"The parameters ""3DSIGNVAL"" was false.","The parameters ""3DSIGNVAL"" was false."
"The payment failed.","El pago ha fallado."
"The payment form will be displayed after submitting the order.","The payment form will be displayed after submitting the order."
"The payment has been accepted.","The payment has been accepted."
"The payment has been denied.","The payment has been denied."
"The payment method !paymentMethodName does not support the currency '!currency'.","La forma de pago! PaymentMethodName no soporta la moneda '!currency'."
"The payment method !paymentMethodName is not available in your country ('!country').","La forma de pago! PaymentMethodName no está disponible en tu país ('!country')."
"The payment update has been made.","The payment update has been made."
"The provided signature does not match with the one calculated.","The provided signature does not match with the one calculated."
"The rang (PBX_RANG) as defined in the live backoffice of Beanstream. It must be nummeric value with length two. In the backoffice it may be displayed as a three char value. You must truncate the first digit.","The rang (PBX_RANG) as defined in the live backoffice of Beanstream. It must be nummeric value with length two. In the backoffice it may be displayed as a three char value. You must truncate the first digit."
"The refund item with SKU '@sku' has a higher amount (@amountItem) as the original item (@amountOriginal).","The refund item with SKU '@sku' has a higher amount (@amountItem) as the original item (@amountOriginal)."
"The refund item with SKU '@sku' is not present in the original order.","The refund item with SKU '@sku' is not present in the original order."
"The refunding could not be conducted. Error code: !error.","The refunding could not be conducted. Error code: !error."
"The refunding failed with error !code and the message !message.","La devolución se produjo el error !code y el mensaje !message."
"The shopping cart has been altered!","The shopping cart has been altered!"
"The signature could not be verified.","The signature could not be verified."
"The site id (PBX_RANG) as defined in the backoffice of Beanstream.","The site id (PBX_RANG) as defined in the backoffice of Beanstream."
"The total refund amount (!totalRefundedAmount) cannot be greater than the captured amount (!capturedAmount).","La cantidad del reembolso total de (!totalRefundedAmount) no puede ser mayor que la cantidad capturada (!capturedAmount)."
"The transaction cannot be cancelled online.","The transaction cannot be cancelled online."
"The transaction cannot be captured online.","The transaction cannot be captured online."
"The transaction cannot be refunded online.","The transaction cannot be refunded online."
"The transaction failed with error code !code.","The transaction failed with error code !code."
"The transaction is only executed in the test system. The goods should not be delivered.","The transaction is only executed in the test system. The goods should not be delivered."
"The whole transaction is cancelled.","Toda la operación fue cancelada."
"There has been a problem during the processing of your payment.","There has been a problem during the processing of your payment."
"There has been a problem during the processing of your payment. Please contact the shop owner to make sure your order was placed successfully.","Ha habido un problema durante el procesamiento de su pago. Por favor, póngase en contacto con el dueño de la tienda para asegurarse de que su pedido se ha realizado con éxito."
"There is a problem with your license. Please contact us (www.sellxed.com/support). Reason: %1","There is a problem with your license. Please contact us (www.sellxed.com/support). Reason: %1"
"There is a problem with your license. Please contact us (www.sellxed.com/support). Reason: %s","There is a problem with your license. Please contact us (www.sellxed.com/support). Reason: %s"
"There is already a customer registered using this email address. Please login using this email address or enter a different email address to register your account.","There is already a customer registered using this email address. Please login using this email address or enter a different email address to register your account."
"There seems to be a problem with the Beanstream module.","Parece que hay un problema con el módulo de Beanstream."
"There was an error validating the login and password.","There was an error validating the login and password."
"This URL has to be placed in the backend of Beanstream under administration > account settings > order settings > Response Notification > Payment Gateway.","Esta URL tiene que ser colocado en el backend de Beanstream bajo Administration > Account Settings > Order Settings > Response Notification > Payment Gateway."
"This account is not confirmed. <a href=""%s"">Click here</a> to resend confirmation email.","This account is not confirmed. <a href=""%s"">Click here</a> to resend confirmation email."
"This is a brief instruction of the main and most important installation steps, which need to be performed when installing the Beanstream module. For detailed instructions regarding additional and optional settings, please refer to the enclosed instructions in the zip.","This is a brief instruction of the main and most important installation steps, which need to be performed when installing the Beanstream module. For detailed instructions regarding additional and optional settings, please refer to the enclosed instructions in the zip."
"This password is used for recurring payments and for the alias manager as well as for the server authorization. This is the password of the Beanstream account.","This password is used for recurring payments and for the alias manager as well as for the server authorization. This is the password of the Beanstream account."
"This setting can be used to activate resp. deactivate the 3D secure check. Please check with PayBox if you are allowed to deactivate the 3D secure check. This setting has only an effect when you use the payment page.","This setting can be used to activate resp. deactivate the 3D secure check. Please check with PayBox if you are allowed to deactivate the 3D secure check. This setting has only an effect when you use the payment page."
"This status is set, when the payment was successfull and it is authorized.","Este estado se define, cuando el pago se ha realizado correctamente y que esté autorizado."
"This transaction is already closed for further captures.","Esta transacción ya está cerrada para otras contabilizaciones"
"This transaction is already closed for further refunds.","Esta operación se ha cerrado por más créditos."
"This transaction no longer exists.","This transaction no longer exists."
"Timeout for pending payments (min)","Timeout para los pagos pendientes (min)"
"Titel","Titulo"
"Title","Title"
"Title of the payment method","Nombre de la forma de pago"
"Total","Total"
"Total Shipping Charges","Total de gastos de envío"
"Track order history","Track order history"
"Transaction","Transaction"
"Transaction Authorized","Transacción autorizada"
"Transaction Cancelled","Transacción cancelada"
"Transaction Captured","Transacción contabilizada"
"Transaction History","Transaction History"
"Transaction Id","Transaction Id"
"Transaction Paid","Transacción pagado"
"Transaction Uncertain","Transacción es incierto"
"Transaction Updates","Transaction Updates"
"Transaction cancelled successfully","Transacción cancelada exitosamente"
"Transaction captured successfully","Transacción capturado con éxito"
"Transaction history","Resumen de transacciones"
"Transaction was authorized over the deferred authorization mechanism.","Operación fue autorizada por el mecanismo de autorización diferido."
"Transactions","Transactions"
"Unable to save the invoice.","No se puede guardar la factura."
"Uncertain Status","Estado Incierto"
"Uncertain transactions","Transacción está incierta"
"Update","Actualización"
"Update Qty's","Actualización de la cantidad"
"Update interval for payments","Interval de actualisación para pagos"
"Use Base Currency","Use Base Currency"
"Use Default","Utilice la configuración estándar."
"Use base currency","Use base currency"
"VISA","VISA"
"Validation","Validación"
"Version","Version"
"View","View"
"Wait On Success Page","Wait On Success Page"
"We cannot get the transaction instance.","We cannot get the transaction instance."
"We experienced a problem with your sellxed payment extension. For more information, please visit the configuration page of the plugin.","Hemos experimentado un problema con su extensión de pago sellxed. Para obtener más información, visite la página de configuración del plugin."
"When the store is not available (network outage, server failure or any other outage), when the feedback of Beanstream is sent, then the transaction state is not updated. Hence no order confirmation e-mail is sent and the order is not in the paid state. By activating the transaction update, such transactions can be authorized later over direct link. To use this feature the update service must be activated and the API username and the API password must be set.","When the store is not available (network outage, server failure or any other outage), when the feedback of Beanstream is sent, then the transaction state is not updated. Hence no order confirmation e-mail is sent and the order is not in the paid state. By activating the transaction update, such transactions can be authorized later over direct link. To use this feature the update service must be activated and the API username and the API password must be set."
"When using an external checkout, the customer can either be asked to chose an option to authenticate (as guest, register or login) or he can always be checked out as guest. For the second option to work, guest checkout has to be enabled in magento.","When using an external checkout, the customer can either be asked to chose an option to authenticate (as guest, register or login) or he can always be checked out as guest. For the second option to work, guest checkout has to be enabled in magento."
"Year","Año"
"Yes","Sí"
"Yes, use images for the brand selection.","Sí, utilizar imágenes para la selección de la marca."
"You can allow the customers to manage/delete their aliases in the their account.","You can allow the customers to manage/delete their aliases in the their account."
"You can decide on the order status new orders should have after they are processed successfully.","Define el estado del pedido de nuevas órdenes, que se procesaron correctamente."
"You can decide on the order status new orders should have that have an uncertain authorization status.","Define el estado del pedido de nuevas órdenes con el estado inseguro."
"You can specify the order status for new orders that have an uncertain authorisation status.","Se puede especificar el estado del pedido de nuevos pedidos que tienen un estado de autorización incierto."
"You can specify the order status for orders that are captured either directly after the order or manually in the backend.","Se puede especificar el estado del pedido de órdenes que son capturadas de forma directa después del pedido o de forma manual en el backend."
"You can specify the order status when an order is cancelled.","Se puede especificar el estado del pedido cuando un pedido se cancela."
"You created the order.","You created the order."
"You have no stored aliases.","You have no stored aliases."
"You have to enter a card number.","Debe inserir un número de tarjeta"
"You have to enter bank code of your bank.","Debe introducir el código bancario"
"You have to enter commercial number of you company.","Usted tiene que ingresar el número comercial de su empresa."
"You have to enter either the CVC code or the issue number of your card.","Usted tiene que ingresar ya sea el código CVC o el número de expedición de la tarjeta."
"You have to enter sales tax number of you company.","Usted tiene que ingresar el número de impuesto sobre las ventas de su empresa."
"You have to enter sales tax number of your company.","You have to enter sales tax number of your company."
"You have to enter the BIC.","Entrar en el BIC."
"You have to enter the CVC code from your card.","Debe introducir el CVC su tarjeta."
"You have to enter the IBAN.","Entrar en el IBAN."
"You have to enter the account holder name on the card.","Usted tiene que introducir el nombre del titular de la tarjeta."
"You have to enter the account holder name.","Entrar en el nombre del titular de la cuenta."
"You have to enter the card holder name on the card.","Debe introducir el titular de la tarjeta."
"You have to enter the location of your bank.","Tienes que entrar en la ubicación de su banco."
"You have to enter the name of the account owner.","Debe introducir el titular de la cuenta bancaria"
"You have to enter the name of your bank.","Usted tiene que introducir el nombre de su banco."
"You have to enter your IBAN Number.","Tiene que introducir su número de IBAN."
"You have to enter your bank account number.","Debe introducir el número de cuenta de tu cuenta bancaria."
"You have to enter your social security number.","Tiene que introducir su número de seguro social."
"You may choose one of the cards you paid before on this site.","Usted puede elegir entre una tarjeta utilizada anteriormente:"
"You may choose one of your stored payment details.","You may choose one of your stored payment details."
"You will be redirect to the order confirmation page.","Se le redirige a la página de confirmación del pedido."
"Your browser does not allow the execution of JavaScript. Please activate JavaScript in your browser and reload this page.","Su navegador no permite la ejecución de JavaScript. Por favor, active JavaScript en su navegador y vuelva a cargar esta página."
"BeanstreamCw Aliases","BeanstreamCw Alias"
"____paymentMethodName____","____paymentMethodName____"
"Beanstream Aliases","Beanstream Aliases"
"Beanstream Error","Beanstream Error"
"Beanstream Parameters","Beanstream Parameters"
"Beanstream Refund Items","Beanstream Refund Items"
"Beanstream Section","Beanstream Section"
"Beanstream Transactions","Beanstream Transactions"
"Beanstream:","Beanstream:"
"Beanstream: Alias Management","Beanstream: Alias Management"
"customweb ltd","customweb ltd"
"no","no"
"or","or"
"yes","yes"
