"(For Alias / PaymentProfile)","(Pour Alias / Profil de paiement)"
"* Required Fields","* Champs requis"
"-- No Status Change --","-- Pas de changement de statut --"
"3D Secure","3D Secure"
"3D Secure Authentication","Authentification 3D Secure"
"3D Secure failed","3D Secure a échoué."
"3D Secure sucess","3D Secure avec succès"
"<span class=""card-expiry-format-note"">The expected format is '!format' where the 'MM' means the month number and 'YY' the year number.</span>","<span class=""card-expiry-format-note"">Le format doit être '!format' où le 'MM' veut indiquer le numéro du mois et 'AA' le numéro de l'année.</span>"
"A authorized transaction cannot be authorized again.","Une transaction autorisée ne peut pas être autorisée à nouveau."
"A authorized transaction cannot be marked as failed.","Une transaction autorisée ne peut pas être marquée comme échouée"
"A cancelled transaction cannot be authorized.","Une transaction annulée ne peut pas être autorisée."
"A cancelled transaction cannot be cancelled again.","Une transaction annulée ne peut pas être annulée à nouveau."
"A cancelled transaction cannot be captured.","Une transaction annulée ne peut pas être comptabilisée"
"A cancelled transaction cannot be marked as failed.","Une transaction annulée ne peut pas être marquée comme échouée."
"A cancelled transaction cannot be refunded.","Une autorisation annulée ne peut pas être remboursée."
"A captured transaction cannot be authorized.","Une transaction comptabilisée ne peut pas être autorisée."
"A captured transaction cannot be cancelled.","Une transaction comptabilisée ne peut pas être annulée."
"A captured transaction cannot be marked as failed.","Une transaction comptabilisée ne peut pas être marquée comme échouée"
"A failed authorization cannot be authorized.","Une transaction échouée ne peut pas être autorisée."
"A payment method may not available for customers from different counties. You can decide when this availability check should happen. We recommend to set it during authorization","Certains modes de paiement ne sont pas disponible pour des pays spécifiques. Définissez l'instant dans lequel vous voulez que le contrôle de disponibilité soit fait. Nous recommendons séléctionner 'Pendant l'autorisation'."
"A refund was added over !amount.","Un remboursement de !amount a été ajouté."
"A transaction may be uncertain, when the payment is not guaranteed. For example in case the credit card does not participate in the 3D procedure.","Une transaction peut être incertaine si le paiement n'est pas garanti. Par example, si la carte de crédit ne fait pas partie du processus 3D secure."
"About","À propos de nous"
"Account Holder Name","Nom du titulaire du compte"
"Account owner name.","Nom du titulaire du compte"
"Action","Action"
"Actions","Actions"
"Activate","Activé"
"Active","Active"
"Additional Information","Informations complémentaires"
"Adjust Qty","Ajuster la quantité"
"Adjustment Discount","Ajustement des rabais"
"Adjustment Fee","Frais d'ajustement"
"After payment selection","Après la sélection du mode de paiement"
"Ajax authorization not supported.","Autorisation Ajax pas possible."
"Alias","Alias"
"Alias For Display","Alias pour l'affichage"
"Alias information retrievel failed with error code:","Recherche d'information alias a échoué avec le code d'erreur:"
"Alias information retrievel failed with error code: "" . $cardInfos['code'] . "".","La récupération de l'information Alias a échoué avec le code d'erreur: ' . $cardInfos['code'] . '."
"All Customers","Tous les clients"
"Allowed Currencies","Devises autorisés"
"Allowed currencies for this payment method","Devises autorisées pour cette méthode de paiement"
"Already registered?","Déjà inscrit?"
"Always Checkout as Guest","Toujours commander en tant qu'invité"
"American Express","American Express"
"Amount","Montant"
"Amount Incl. Tax","Montant Incl. Impôt"
"Api access passcode","Access Passcode API"
"Api access passcode (Alias)","Accès Passcode API (Alias)"
"Api access passcode (Alias) of the live account.","Code d'accès API (Alias) pour le compte Live."
"Api access passcode (Alias) of the test/sandbox account","Code d'accès pour l'accès API (Alias) du compte test/sandbox"
"Api access passcode (Live)","API Access Passcode (Live)"
"Api access passcode of the test/sandbox account","Mot de passe pour l'accès du compte API test/sandbox"
"Are you sure you want to cancel this order?","Êtes-vous sûr d'annuler cette commande?"
"Author","Auteur"
"Authorization Amount","Montant de l'autorisation"
"Authorization Failed","Autorisation a échouée"
"Authorization Method","Mode d'autorisation"
"Authorization is uncertain.","Autorisation est incertaine"
"Authorized Status","Statut autorisé"
"Await Notification","Attendre la notification"
"Awaiting confirmation","En attente de confirmation"
"BIC","BIC"
"Bad signature format.","Format de signature incorrect"
"Bank Location","Lieu de la banque"
"Bank Name","Nom de la banque"
"Bank account number","Número du compte bancaire"
"Bank code number","Numéro de code banquaire"
"Before payment selection","Avant la sélection du mode de paiement"
"Billing Address","Adresse de facturation"
"Billing Information","Information de facturation"
"Billing address","Billing address"
"Brand Name","Nom de marque"
"By setting the capturing the reservation can be captured directly after the order or later manually over the backend of the store.","En configurant la capture, les réservations peuvent être capturés directement après la commande ou plus tard manuellement depuis le backend du magasin."
"By setting the capturing the reservation can be captured directly after the order or later manually over the backend of the store. The difference between 'order' and 'authorization' is that on 'order' only a check is done, but not really a reservation on the card.","En réglant la capture, les réservations peuvent être capturés directement après la commande ou plus tard manuellement depuis le backend du magasin. La différence entre «order» et «autorisation» est que sur «order» seulement une vérification sera faite, mais pas vraiment une réservation sur la carte."
"CVC Code","Code de sécurité (CVC)"
"Cancel","Annuler"
"Cancel ID","Cancel ID"
"Cancel pending orders when out of stock","Annuler les commandes en attentes si l'article n'est pas en stock"
"Cancel status","Statut d'annulation"
"Canceled BeanstreamCw","BeanstreamCw Annulé"
"Canceling of this payment not possible!","L'annulation de ce paiement n'est pas possible!"
"Cancelled Status","Statut Annulé"
"Cannot update item quantity.","Vous ne pouvez pas mettre à jour la quantité de l'article."
"Capture (Don't Close)","Capture (Don't Close)"
"Capture Amount","Montant de comptabilisation"
"Capture ID","ID de comptabilisation"
"Capture amount","Montant comptabilisé"
"Capture information","Information de comptabilisation"
"Capture status","Statut de combtabilisation"
"Captured Amount","Montant comptabilisé"
"Captured Status","Statut de capture"
"Captures","Comptabilisations"
"Captures & Refunds","Captures et Remboursements"
"Capturing","Comptabiliser"
"Card Expiration","Date d'expiration de la carte"
"Card Holder Name","Titulaire de la carte"
"Card Number","Numéro de la carte"
"Carrier Title","Titre du transporteur"
"Charging Alias: Unkown error","Charge Alias : Erreur inconnue"
"Check out faster","Commander plus vite"
"Check to activate the external checkout.","Marquer cette option pour activer la vérification externe."
"Checkout","Checkout"
"Checkout as Guest","Checkout en tant qu'invité"
"Checkout as a Guest or Register","Passer à la caisse en tant que client ou créer un compte"
"Checkout as a new customer","Commander en tant que nouveau client"
"Checkout using your account","Commander en utilisant votre compte"
"Choose settlement after order in case you want an invoice to be created with your oder. The state of the invoice will set according to your capture status.","Séléctionnez 'Génération après la commande' si vous voulez qu'une facture soit créée pour la commande. Le statut de la facture sera celui du statut de la comptabilisation."
"Company Commercial Number","Société Nombre de commerce"
"Confirm Password","Confirmer le mot de passe"
"Continue","Continuer"
"Copy the API Access Passcode and the Haskey into the main module. You find this settings under Administration > Account Settings > Order Settings. Make sure that the Hash algorithm is set correctly in the module.","Copiez le code d'accès à l'API et l'Hash Key dans le module principal. Vous trouverez ces paramètres sous Administration > Account Settings > Order Settings. Assurez-vous que l'algorithme du Hash soit correctement défini dans le module."
"Could not convert object of type '!type' to string.","Impossible de convertir objet de type '!type' à string."
"Could not find a brand for the given card number.","Impossible de trouver une marque pour le numéro de carte donnée."
"Could not find pressed button.","Impossible de trouver le bouton pressé."
"Could not find template file at default location '!location'.","Impossible de trouver le fichier template dans le répertoire par défaut '!location'."
"Could not find the payment method !paymentMethodName.","Impossible de trouver le mode de paiement !paymentMethodName."
"Could not load layout from URL !url. Reason: !reason","Impossible de charger le template à partir de l'URL !url. Raison: !reason"
"Create Account","Créer un compte"
"Create New Order - Payment","Créer nouvelle commande - Paiement"
"Create a recurring payment, with an existing alias is not supported","Création d'un paiement récurrent avec un alias existant n'est pas possible."
"Creating an account has many benefits:","La création d'un compte a de nombreux avantages:"
"Creation Date","Date de création"
"Credit Card Brands","Types de cartes de crédit"
"Credit Memo History","Histoire de note de crédit"
"Credit Memo Totals","Totaux note de crédit"
"Credit memo's total must be positive.","Total de note de crédit doit être positive."
"Currency","Monnaie"
"Current Configuration Scope:","Champ d'application actuel de la configuration:"
"Customer Account","Compte client"
"Customer Alias Management","Gestion des Alias du client"
"Customer successfully returned from BeanstreamCw","Le client est retourné de BeanstreamCw avec succès"
"Customer successfully returned from Beanstream","Client retourné avec succès de la page de paiement de BeanstreamCw."
"Customer sucessfully returned from the BeanstreamCw payment page.","Client retourné avec succès de la page de paiement de BeanstreamCw."
"Customers","Clients"
"Customweb","Customweb"
"Date","Date"
"Date of Birth","Date de naissance"
"Day","Jour"
"Deactivate","Désactiver"
"Dear customer we have received your billing and shipping information. In order to finish your order please create an account below or checkout as guest.","Cher client, nous avons reçu votre information de facturation et de livraison. Pour terminer votre commande veuillez créer un compte ci-dessous ou continuez en tant qu'invité."
"Dear customer, it appears to us that your payment was successful, but we are still waiting for confirmation. You can wait on this page and we will redirect you after we received the confirmation. Or you can close this window and we will send out an order confirmation email.","Cher client, il nous semble que votre paiement a été un succès, mais nous sommes toujours en attente de la confirmation. Vous pouvez attendre sur cette page et vous serez redirigé après que nous ayons reçu la confirmation. Vous pouvez aussi fermer cette fenêtre et nous vous enverrons un e-mail de confirmation de la commande."
"Default Config","Configuration par défaut"
"Deferred (authorization)","Différé (autorisation)"
"Deferred capturing","Comptabilisation retardée"
"Deferred settlement","Génération retardée"
"Define a maximal order total for this checkout to be available.","Définir un total de commande maximale pour que ce checkout soit disponible."
"Define a minimal order total for this checkout to be available.","Définir un total de commande minimale pour que ce checkout soit disponible."
"Delayed","Differé"
"Delete","Effacer"
"Delivery address","Delivery address"
"Description","Description"
"Diners Club","Diners Club"
"Direct Debits","Direct Debits"
"Direct E-Banking","Sofort Banking"
"Direct capture after order","Directement après la commande"
"Directly after order (sale)","Directement après la commande"
"Disabled","Désactivé"
"Discount","Rabais"
"Discount Amount","Montant du rabais"
"Discovercard","Discover"
"Do only check the payment information (order)","Seulement contrôler les informations de paiement de la commande"
"Don't change order status","Ne pas modifier le statut de la commande"
"During authorization","Pendant l'autorisation"
"Edit","Modifier"
"Edit Invoice #%s","Modifier Facture #%s"
"Email Address","E-mail"
"Empty version number field name","Nom de champ de numéro de version vide"
"Enable or disable logging.","Activer ou désactiver le logging."
"Enable the payment method","Activer le mode de paiement"
"Enabled","Activé"
"Enter the date on which your card expires.","Veuillez sélectionner la date d’expiration"
"Error during authorization.","Erreur lors de l'autorisation."
"Error with the length of the validation date.","Erreur avec la longueur de la date de validation."
"Excl. Tax","Excl. impôt"
"External Checkout","Vérification externe"
"External Checkout: Guest Checkout","Validation externe : Guest Checkout"
"Failed","Raté"
"Failed payment authorization.","L'autorisation a été refusée."
"Figure !number:","Image !number:"
"Forgot Your Password?","Vous avez oublié votre mot de passe?"
"Forgot your password?","Mot de passe oublié?"
"Get Update","Mettre à jour"
"Hash Key (Live)","Hash Key (Live)"
"Hash Key (Test/Sandbox)","Hash Key (Test/Sandbox)"
"Here you can insert an order prefix. The prefix allows you to change the order number that is transmitted to Authorize.net. The prefix must contain the tag {id}. It will then be replaced by the order number (e.g. name_{id}).","Ici vous pouvez insérer un préfixe de la commande. Le préfixe vous permet de changer le numéro de commande qui est transmis à Beanstream. Le préfixe doit contenir le tag {id}. Il sera ensuite remplacé par le numéro de commande (par exemple name-{id}). Assurez-vous de ne pas utiliser '_'."
"Here you can insert an order prefix. The prefix allows you to change the order number that is transmitted to Beanstream. The prefix must contain the tag {id}. It will then be replaced by the order number (e.g. name_{id}).","Ici vous pouvez insérer un préfixe de la commande. Le préfixe vous permet de changer le numéro de commande qui est transmis à Beanstream. Le préfixe doit contenir le tag {id}. Il sera ensuite remplacé par le numéro de commande (par exemple name-{id}). Assurez-vous de ne pas utiliser '_'."
"Here you can insert an order prefix. The prefix allows you to change the order number that is transmitted to Beanstream. The prefix must contain the tag {id}. It will then be replaced by the order number (e.g. name{id})(only alphanummeric characters).","Ici, vous pouvez insérer un préfixe de la commande. Le préfixe permet de changer le numéro de la commande qui est transmis à Beanstream. Le préfixe doit contenir le tag {id}. Il sera ensuite remplacé par le numéro de la commande (p. ex. nom_{id}) (uniquement des caractères alphanumériques)."
"Hide","Masquer"
"IBAN","IBAN"
"IBAN number","Número du compte bancaire"
"If a product is in stock only once and the payment of the customer ordering this product fails or is aborted, it won't be available until the order is canceled (see timeout option below). Enable this setting to cancel the customer's pending orders when he returns to the cart page and a product is not available anymore.","S'il y a qu'une seule pièce de l'article en stock et le paiement du client échoue ou est annulé, cette article ne sera pas disponible jusqu'à que la commande soit annulée (option 'timeout' en bas). Activez cette option si vous voulez que l'article ne soit pas réservé. La commande sera donc annulée immédiatement."
"If a product is in stock only once and the payment of the customer ordering this product fails or is aborted, it won't be available until the order is canceled (see timeout option below). Enable this setting to cancel the customer's pending orders when he returns to the cart page and a product is not available anymore. Be careful though: If you enable this option, there is a chance that payments are made with the corresponding order being already canceled.","Si un produit est en stock qu'une seule fois et le paiement de la commande du client ce produit échoue ou est abandonnée, il ne sera pas disponible jusqu'à ce que la commande est annulée (voir option de temporisation ci-dessous). Activez ce paramètre pour annuler les commandes en attente du client quand il revient à la page de panier et un produit ne sont plus disponible. Attention: Si vous activez cette option, il ya une chance que les paiements sont faits avec la commande correspondante étant déjà annulé."
"If it is not applicable leave the field empty.","Si ce n'est pas applicable veuillez laisser le champ vide."
"If the status is 'Pending' it is unclear whether the transaction will be cancelled successfully.","Si l'état est 'En attente', il est difficile de savoir si la transaction sera annulée avec succès."
"If the status is 'Pending' it is unclear whether the transaction will be captured successfully.","Si l'état est 'En attente', il est difficile de savoir si la transaction sera capturé avec succès."
"If the status is 'Pending' it is unclear whether the transaction will be refunded successfully.","Si l'état est 'En attente', il est difficile de savoir si l'opération sera remboursé avec succès."
"If the test mode is selected the test account is used. Otherwise the configured account is used.","Si le mode de test est sélectionné, le compte test sera utilisé. Sinon, le compte configuré sera utilisé."
"If the test mode is used, then the test credentials are used. Usually, the test credentials are the same as the live credentials.","Lorsque le mode d'essai est utilisé, les paramètres de test seront utilisés. Généralement, ils sont identiques avec les paramètres live."
"If you have any issues with the module please feel free to contact us. See our <a href='https://www.sellxed.com/en/support' target='_blank'>support page</a> for more information.","Si vous avez des problèmes avec le module, n'hésitez pas à nous contacter. Consultez notre <a href='https://www.sellxed.com/en/support' target='_blank'>page d'assistance</a> pour plus d'informations."
"If you select this checkbox, the payment will be captured at the PSP and you can not add additional captures.","En cliquant sur la case, la commande sera capturée chez le prestataire de services de paiement. Il ne sera pas possible de faire d’autres captures."
"If you would like to use recurring payments, you need our magento module ""Customweb Subscription"". For further information go to <a href=""http://www.sellxed.com/shop/"" target=""_blank"">sellxed.com</a>.","Si vous souhaitez utiliser les paiements récurrents, vous avez besoin de notre module de Magento 'Customweb Subscription'. Pour plus d'informations, veuillez aller sur <a href=""http://www.sellxed.com/shop/"" target=""_blank"">sellxed.com</a>."
"Image Brand Selection","Image Brand Selection"
"In some cases it may take a few seconds until the transaction is successfully authorized. When this option is enabled, the notification is awaited.","Dans certains cas, il peut prendre quelques secondes jusqu'à ce que la transaction soit autorisée avec succès. Lorsque cette option est activée, la boutique attendra la notification quelques secondes."
"In some cases the transaction requires a few seconds until it is successfully authorized. When this option is enabled the user is hold until the transaction reach the final state. If this is not the case in 30 seconds a message is shown to the customer, which explains the situation.","Dans certains cas, l'opération nécessite quelques secondes jusqu'à ce qu'elle est autorisée avec succès. Lorsque cette option est activée l'utilisateur est en attente jusqu'à ce que celle-ci atteigne l'état final. Si ce n'est pas le cas en 30 secondes, un message s'affiche pour le client, qui explique la situation."
"In your Beanstream configuration navigate to administration > account settings > order settings. In ""Payment Gateway -> Security/Authentication"" enter this key in the field ""Hash Key"". Make sure the box ""Include hash validation in Transaction Response Page redirection and Payment Gateway Response Notification"" is checked and ""SHA-1"" is selected.","Dans la configuration de votre Beanstream , naviguez jusqu'à Administration > Account settings > Order settings. Dans 'Payment Gateway -> Security/Authentication' insérez cette clé dans le champ 'Hash Key'. Assurez-vous que la case 'Include hash validation in Transaction Response Page redirection and Payment Gateway Response Notification' soit cochée que et 'SHA-1' soit sélectionnée."
"In your Beanstream configuration navigate to administration > account settings > order settings. In ""Payment Gateway -> Security/Authentication"" enter this key in the field ""Hash Key"". Make sure the box ""Include hash validation in Transaction Response Page redirection and Payment Gateway Response Notification"" is checked and ""SHA-1"" is the selected ""Hash algorithm"".","Dans la configuration de votre Beanstream , naviguez jusqu'à Administration > Account Settings > Order Settings. Dans 'Payment Gateway -> Security/Authentication' insérez cette clé dans le champ 'Hash Key'. Assurez-vous que la case 'Include hash validation in Transaction Response Page redirection and Payment Gateway Response Notification' soit cochée et que 'SHA-1' soit sélectionné."
"Inactive","Inactif"
"Incl. Tax","Incl. TVA"
"Information","Information"
"Initiate Alias: Unkown error","Alias initialisation: Erreur inconnue"
"Invalid login or password.","Nom d'utilisateur inexistant ou mauvais mot de passe."
"Invoice Items","Eléments de la facture"
"Invoice Settlement","Le règlement des factures"
"Invoice Totals","Totaux facture"
"Invoice settlement","Génération de la facture"
"Invoice was created successfully","La facture a été créée avec succès"
"Invoices","Factures"
"Issue Number","Numéro"
"It is not possible to checkout in your country.","Paiements de ce pays ne seront pas acceptés."
"Item","Article"
"Items","Articles"
"Items Refunded","Articles Remboursé"
"JCB","JCB"
"Live HMAC Key","Live HMAC Key"
"Live Identifier (PBX_IDENTIFIANT)","Live identifiant (PBX_IDENTIFIANT)"
"Live Mode","Live Mode"
"Live Password","Mot de passe live"
"Live Rang (PBX_RANG)","Live Rang (PBX_RANG)"
"Live Site ID (PBX_SITE)","Live Site ID (PBX_SITE)"
"Logging","Logging"
"Login","Login"
"Login & Register","Login & Inscription"
"Login and password are required.","Login et mot de passe sont requis."
"Mail order/telephone order authorization","Authentification par e-mail / téléphone"
"Manage Stores","Gérer Magasins"
"Manage Beanstream Aliases","Gérer les Alias Beanstream"
"MasterCard","MasterCard"
"Maximum Order Total","Montant de commande maximal"
"Merchant ID","Merchant ID"
"Merchant Id","Merchant ID"
"Merchant Id (Live)","Merchant Id (Live)"
"Merchant Id (Live) (CAD)","Merchant ID (Live) (CAD)"
"Merchant Id (Live) (USD)","Merchant ID (Live) (USD)"
"Merchant Id (Test/Sandbox)","Merchant Id (Test/Sandbox)"
"Merchant Id (Test/Sandbox) (CAD)","Merchant ID (Test/Sandbox) (CAD)"
"Merchant Id (Test/Sandbox) (USD)","Merchant ID (Test/Sandbox) (USD)"
"Message","Message"
"Method Title","Titre de la méthode"
"Minimum Order Total","Montant de commande minimal"
"Month","Mois"
"My Beanstream Aliases","Mes Alias Beanstream"
"New Order","Nouvelle commande"
"New Order Status","Nouvel statut de commande"
"New card","Nouvelle carte"
"Next Update Execution Date","Prochaine mise à jour"
"No","Non"
"No Items","Pas d'objet"
"No additional payment information available.","Aucune information de paiement supplémentaire est disponible."
"No authorization method found for payment method !method.","Aucun mode d'autorisation trouvé pour le mode de paiement !method."
"No button returned.","Pas de bouton retourné."
"No refund possible.","Remboursement n'est pas possible"
"No shipping method needed.","Aucun mode de livraison nécessaire."
"No, use the dropdown.","Utiliser le menu déroulant"
"Notification URL","URL de notification"
"Only USD and CAD is supported at the moment.","Actuellement, seulement USD et CAD sont acceptés comme monnaie."
"Only USD is supported at the moment.","Seulement USD est accepté pour l'instant."
"Only an authorized transaction can be marked as finally declined.","Seulement une transaction autorisée peut être marquée comme finalement déclinée."
"Only an uncertain transaction can be marked as finally declined.","Seulement une transaction incertaine peut être marquée comme déclinée."
"Only authorized transaction can be cancelled.","Seulement les transactions autorisées peuvent être annulées."
"Only authorized transaction can be captured.","Seulement les transactions autorisées peuvent être comptabilisées."
"Only authorized transaction can be refunded.","Seulement les transactions autorisées peuvent être remboursées"
"Only captured transaction can be refunded.","Seulement les transaction comptabilisées peuvent être remboursées."
"Only on captured transaction the flag customer refusing to pay can be set.","Il est seulement possible de définir un indicateur pour les clients qui n'ont pas payé sur les transactions capturées."
"Operation Mode","Mode de fonctionnement"
"Order #","Numéro de commande"
"Order Grand Total","Total de l'ordre"
"Order Information","Informations sur la commande"
"Order Prefix","Préfixe pour la commande"
"Order Review","Revue de la commande"
"Order Summary","Résumé de la commande"
"Order Total","Total de la commande"
"Order cancelled, because the customer was too long in the payment process of Beanstream.","la commande a été annulée, parce que le client était trop long dans le processus de paiement de Beanstream"
"Order prefix","Order prefix"
"Order was placed using %s","Commande a été passée à l'aide de %s"
"Orders","Commandes"
"Orders with with payments that are longer pending than the specified timeout in minutes are cancelled automatically.","Les commandes où les paiements sont suspendu plus longtemps que le timeout spécifié en minutes seront anullées automatiquement."
"Paid Amount","Montant payé"
"Partial refund not possible. You may retry with the total transaction amount.","Remboursement partiel n'est pas possible. Le montant est supérieur au montant total."
"Password","Mot de passe"
"Password and password confirmation are not equal.","Mot de passe et confirmation du mot de passe ne sont pas pareils."
"Pay with ____paymentMethodName____","Payer avec ____paymentMethodName____"
"Payment","Paiement"
"Payment ID","ID de paiement"
"Payment Id","Payment ID"
"Payment Information","Conditions de vente"
"Payment Method","Mode de paiement"
"Payment captured successfully.","Paiement a réussi à capturer."
"Payment could not be authorized. Cancelling order. Reason :","Le paiement ne peut être autorisée. Commande annulée. Raison:"
"Payment details can be entered after placing the order","Détails de paiement peuvent être insérés après avoir placé la commande"
"Payment from Applicable Countries","Paiement des pays applicables"
"Payment from Specific Countries","Paiement des pays spécifiques"
"Payment from applicable countries","Paiement des pays applicables"
"Payment from specific countries","Paiement des pays spécifiques"
"Payment is pending at BeanstreamCw","Payment en attente chez BeanstreamCw"
"Payment method description","Déscription du mode de paiement"
"Payment with %s","Paiement avec %s"
"Payment with Beanstream","Paiement avec  Beanstream"
"Payments may be updated periodically (interval in minutes). To use this feature you have to setup magento cron","Les paiements peuvent être actualisés automatiquement (interval en minutes) via API (si activé). Pour utiliser ce fonctionnement il faut configurer un cron pour Magento."
"Pending","En attente"
"Pending BeanstreamCw","BeanstreamCw En attente"
"Place Order","Soumettre la commande"
"Please agree to all the terms and conditions before placing the order.","Veuillez accepter les conditions générales avant de passer la commande."
"Please check the entered CVC number.","Veuillez vérifier le numéro CVC entré."
"Please check the entered credit card number.","Veuillez vérifier le numéro de carte de crédit indiqué."
"Please enter here the Bank Identifier Code (BIC).","Veuillez insérer ici le code d'identification de banque (BIC)."
"Please enter here the CVC code from your card. You find the code on the back of the card.","Insérez le code de sécurité de la carte. Vous le trouverez à l’arrière de la carte"
"Please enter here the International Bank Account Number (IBAN).","Veuillez insérer l'IBAN de votre compte banquaire."
"Please enter here the account holder name on the card.","Veuillez insérer ici le nom du titulaire de la carte."
"Please enter here the account holder name.","Veuillez insérer ici le nom du titulaire du compte."
"Please enter here the account number of your bank account.","Veuillez insérer l'IBAN de votre compte banquaire."
"Please enter here the bank code of your bank.","Veuillez insérer le code de votre banque."
"Please enter here the card holder name on the card.","Veuillez insérer le nom du titulaire de la carte"
"Please enter here the commercial number of your company.","Il faut insérer le numéro de commerce de votre entreprise."
"Please enter here the name of the account owner.","Vous devez insérer le titulaire de compte"
"Please enter here the number on your card.","Veuillez insérer le numéro de carte bancaire."
"Please enter here the sales tax number of your company.","Veuillez insérer ici le numéro de taxe de vente de votre entreprise."
"Please enter here your social security number.","Veuillez insérer votre numéro de sécurité sociale."
"Please enter the location of your bank.","Vous devez insérer le lieu de votre banque."
"Please enter the name of your bank.","Veuillez insérer ici le nom de votre banque."
"Please enter your IBAN number.","Veuillez insérer votre numéro IBAN."
"Please enter your issue number, if there is no CVC code on your card.","Veuillez insérer votre numéro, s'il n'y a pas de code CVC de votre carte."
"Please flash or disable the cache storage and retry. If this did not help, change the authorization method to PaymentPage and <a href=""%s"" target=""_blank"">contact sellxed</a>.","Veuillez vider ou désactiver votre cache et essayer à nouveau. Si cela n'aide pas à résoudre le problème, veuillez changer la méthode d'autorisation à Payment Page et <a href=""%s"" target=""_blank"">contactez le support sellxed</a>."
"Please flash or disable the cache storage and retry. If this did not help, change the authorization method to PaymentPage and <a href=""%s"" target=""_blank"">contact sellxed</a>.', 'http://www.sellxed.com/en/support","Veuillez vider votre cache et essayer à nouveau. Si cela n'aide pas à résoudre le problème, changez la méthode d'autorisation à Payment Page et <a href=""%s"" target=""_blank"">contactez le support sellXed.</a>.', 'http://www.sellxed.com/en/support"
"Please flush or disable the cache storage and retry. If this did not help, change the authorization method to PaymentPage and <a href=""%s"" target=""_blank"">contact sellxed</a>.","Veuillez vider ou désactiver le cache et veuillez essayer à nouveau. Si cela n'aide pas à résoudre le problème, changez la méthode d'autorisation sur PaymentPage et contactez <a href=""%s"" target=""_blank"">sellxed</a>."
"Please log in below:","Merci de vous identifier:"
"Please select","Sélectionner s'il vous plaît"
"Please select a shipping method before sending the order.","Sélectionnez un mode de livraison avant d'envoyer la commande."
"Please select the Bank Identifier Code (BIC) of your bank.","Veuillez sélectionner le code d'identification de votre banque. (BIC)"
"Please select the day of your birth.","Veuillez sélectionner le jour de votre naissance."
"Please select the expiry month on your card.","Sélectionnez le mois de l'expiration de votre carte"
"Please select the expiry year on your card.","Veuillez insérer la date d'expiration de la carte."
"Please select the month of your birth.","Veuillez sélectionner le mois de votre date de naissance."
"Please select the the year of your birth.","Veuillez  sélectionner l'année de votre date de naissance."
"Price","Prix"
"Product","Produit"
"Product Name","Nom du produit"
"Purchase Point","Lieu d'achat"
"Qty","Quantité"
"Recurring Payments","Paiements récurrents"
"Refund Amount","Montant du remboursement"
"Refund ID","ID de remboursement"
"Refund amount","Montant du remboursement"
"Refund information","Information de remboursement"
"Refund status","Statut de remboursement"
"Refunded Amount","Montant du remboursement"
"Refunds","Remboursements"
"Register","Inscrivez-vous"
"Register to Create an Account","S'inscrire pour créer un compte"
"Register with us for future convenience:","Inscrivez-vous chez nous pour plus de commodité dans l'avenir:"
"Release Date","Date de sortie"
"Retrieving CardData: Unkown error","Récupération des données de la carte: Erreur inconnue"
"Review","Review"
"Rounding Adjustment","Ajustements d'arrondi"
"Row Total","Total de la ligne"
"SEPA Mandate ID","SEPA Mandate ID"
"SKU:","SKU:"
"Sales","Ventes"
"Sales Tax Number","Numéro de taxe de vente"
"Save","Sauvegarder"
"Saved cards:","Cartes enregistrées:"
"See order and shipping status","Voir le statut de la commande et le statut de livraison"
"Select Brand","Sélectionnez le type de la carte"
"Select Method","Sélectionner la méthode"
"Select the authorization method to use for processing this payment method.","Sélectionnez un mode d'autorisation pour le traitement de ce mode de paiement."
"Select the date of your birth.","Veuillez sélectionner votre date de naissance."
"Select the date on which your card expires.","Séléctionnez la date d'expiration de la carte."
"Send Invoice Email","Envoyer un e-mail avec la facture"
"Send amounts to Beanstream in base currency.","Envoyer des montants à  Beanstream dans la devise de base."
"Send amounts to Beanstream in store's base currency.","Envoyer les montants à Beanstream dans la devise de base de la boutique."
"Send invoice email","Envoyer la facture"
"Send the invoice email automatically after invoice creation.","Envoyer l'email de facture automatiquement après la création de la facture."
"Set direct capture after order. In this case your authoization will directly be captured on your customer's credit card","Si vous séléctionnez 'Comptabilisation dirècte' le montant sera tout de suite débité de la carte du client. Si vous séléctionnez 'Comptabilisation retardée' le montant sera débité avec un certain temps défini par vous."
"Set the API access passcode into the main module. You will find the API access passcode under Configuration > Payment Profile Configuration.","Veuillez définir le mot de passe d'accès à l'API dans le module principal. Vous trouverez le code d'accès de l'API sous Configuration > Payment Profile Configuration."
"Set the notification URL as outlined below.","Précisez l'URL de notification tel que décrit ci-dessous."
"Set the sort order to show the external checkouts.","Définir l'ordre de montrer les checkouts externes."
"Settlement after order","Génération après la commande"
"Setup","Setup"
"Shipping & Handling","Livraison"
"Shipping Address","Adresse de livraison"
"Shipping Amount","Montant des frais de livraison"
"Shipping Information","Informations sur la livraison"
"Shipping Method","Mode de livraison"
"Shipping Methods","Modes de livraison"
"Shipping Refund","Remboursement des frais de livraison"
"Shop","Shop"
"Short Installation Instructions:","Instructions d'installation:"
"Show","Voir"
"Show Account Selection","Voir la sélection de compte"
"Show Further Settings and Information","Afficher plus de paramètres et d'informations"
"Show Image","Afficher Image"
"Show Payment Id","Afficher Payment ID"
"Show the payment id","Présenter l'ID de paiement"
"Show the payment id in the order information","Afficher l'ID de paiement dans le bon de commande"
"Show the payment image","Montrer l'image de paiement"
"Show the payment image on the checkout page","Montrer l'image de paiement sur la page de paiement"
"Sign In","Connexion"
"Social Security Number","Numéro de sécurité sociale"
"Sort Order","Ordre De Tri"
"Status","Statut"
"Store the payment details","Enregistrer les détails de paiement"
"Stored payment details","Détails de paiement enregistrées"
"Submit Order","Confirmer la commande"
"Submitting order information...","Soumission des données de la commande..."
"Subtotal","Sous-total"
"Success","Succès"
"Successful","Succès"
"Successful online refund of amount","Remboursement en ligne réussie de montant"
"Successful payment authorization.","Paiement autorisé"
"Successfull online refund of amount","Remboursement en ligne réussie de montant"
"Support","Support"
"Tax Amount","Montant de l'impôt"
"Technical issue: This payment methods is not available at the moment.","Problème technique: Cette méthode de paiement n'est pas disponible en ce moment."
"Test Mode","Mode test"
"Test Transaction","Transaction de test"
"The 3DSecure term_url parameter is to long (more than 256 characters).","Le paramètre term_url 3DSecure est trop long (plus de 256 caractères)."
"The 3DSecure term_url parameter is too long (more than 256 characters).","Le paramètre term_url de 3DSecure est trop long (plus de 256 caractères)."
"The API Access Passcode (Alias) field is empty.","Le champ API Access Passcode est vide."
"The API Access Passcode field is empty.","Le champ API Access Passcode est vide."
"The Alias Manager for PaymentPage must not be used.","L'Alias Manager pour la page de paiement ne doit pas être utilisé."
"The HMAC key as defined in the live backoffice of Beanstream. You may need generate the HMAC key. Please take a look at the manual how to do this.","La clé HMAC tel que défini dans le backoffice de production de Beanstream. Vous devrez peut-être générer la clé HMAC. Veuillez jeter un coup d'oeil sur le manuel pour savoir comment faire cela."
"The SEPA mandate schema does not contain the tag '!tag'. This tag is required.","Le schéma de mandat SEPA ne contient pas le mot-clé '!tag'. Ce mot-clé est obligatoire."
"The alias could not be found.","L'alias na pas été trouvé."
"The alias has been deleted.","L'alias a été supprimé."
"The alias payment failed.","Le paiement de l'alias a échoué."
"The alias transaction could not be conductet with error code: !code, and reason: !reason:","La transaction alias n'a pas pu être réalisée. Code d'erreur: !code et raison: !reason"
"The amount could not be verified.","Le montant n'a pas pu être vérifié."
"The amount of !amount is authorized.","Le montant de !amount est autorisé."
"The amount of !amount is captured.","Le montant de !amount est capturé."
"The amount was not the same.","Le montant n'a pas été le même."
"The api access code has to be generated in the backend of Beanstream. The api access code can be found in the back office under administration > account settings > order settings. Under ""Payment Gateway"" under Security/Authentication the api access code can generated and then copied into this field.","Le code d'accès de l'API doit être généré dans le backend de Beanstream. Le code d'accès de l'API peut être trouvée dans le back-office sous Administration > Paramètres du compte > paramètres de la commande. Sous la rubrique «passerelle de paiement"" sous Sécurité / Authentification le code d'accès de l'API peut généré puis copié dans ce domaine."
"The api access code has to be generated in the backend of Beanstream. The api access code can be found in the back office under configuration > payment profile configuration. Under ""Security Settings"" the option Api access passcode has to be chosen, the code has to be generated and copied into this field.","Le code d'accès API doit être généré dans le backend de Beanstream. Le code d'accès API se trouve dans le back-office sous Configuration > Payment profile configuration. Sous 'Security Settings' l'option 'API Access Passcode' doit être choisi, le code doit être généré et copié dans ce champ."
"The authorization method '!method' is not supported.","Le mode d'autorisation '!method' n'est pas accepté."
"The authorization was not successful","Erreur d'autorisation. Autorisation sans succès."
"The brand of the credit card is detected by the card number if hidden authorization is used. If the payment page is used, the user has to select the brand. The allowed credit card brands can be restricted by this setting.","Le type de la carte de crédit est détecté par le numéro de la carte si une autorisation cachée est utilisé. Si la page de paiement est utilisé, l'utilisateur doit sélectionner la marque. Les marques de cartes de crédit autorisés peuvent être limitées par ce paramètre."
"The brand with external name '!key' was not present in the map.","La marque avec le nom externe '!key' n'était pas présent dans la carte."
"The brand with key '!key' was not found in the card information map.","La marque '!key' n'a pas été trouvée dans les marques disponibles."
"The cancellation could not be conducted. Error code: !error.","L'annulation n'a pas pu être réalisée. Code d'erreur: !error."
"The capture amount (!captureAmount) cannot be greater than the authorized amount (!authorizedAmount).","Le montant de comptabilisation (!captureAmount) ne peut pas être supérieur au montant autorisé (!authorizedAmount)."
"The capture item with SKU '@sku' has a higher amount (@amountItem) as the original item (@amountOriginal).","L'élément de capture avec SKU '@sku' a un montant plus élevé (@amountItem) comme l'élément d'origine (@amountOriginal)."
"The capture item with SKU '@sku' is not present in the original order.","L'élément de capture avec SKU '@sku' n'est pas présent dans la commande original."
"The capturing could not be conducted. Error code: !error.","La capture n'a pas pu être réalisée. Code d'erreur: !error."
"The capturing failed with error $code and the message $message.","La capture a échoué avec l'erreur $code et le message $message."
"The card brand selection is automatically done depending on the entered card number. If no Javascript is active in the browser, a drop down is shown. In case JavaScript a the brand logos can be shown. Should the brand selection using images?","La sélection de la marque de la carte se fait automatiquement à partir du numéro de carte inséré. Si Javascript n'est pas actif dans le navigateur, un menu déroulant apparaît. Si JavaScript est activé, les logos de marques peuvent être affichées. Afficher les logos au lieu du menu déroulant?"
"The configuration has been saved.","La configuration a été enregistrée."
"The controller class '@controller' does not provide any method with annotation 'Customweb_Payment_Endpoint_Annotation_ExtractionMethod' and valid output.","Le contrôleur '@controller' ne fournit pas de méthode avec l'annotation 'Customweb_Payment_Endpoint_Annotation_ExtractionMethod' et de données valides."
"The customer does not finish the payment with in the timeout.","Le client n'a pas fini le paiement dans le délai imparti."
"The customer profile could not be established with error code: "" . $response['code'] . "".","Le profil de la clientèle n'a pas pu être établi avec le code d'erreur: "" . $response['code'] . ""."
"The customer profile could not be established:","Le profil de client n'a pas pu être établi :"
"The date of birth is required.","La date de naissance doit être indiquée."
"The gender is required.","Le sexe doit être spécifié."
"The given CVC code has the wrong length.","Le code CVC inséré a une longeur incorecte."
"The given card number has an invalid check sum.","Le numéro de carte donné a une somme de contrôle invalide."
"The given card number has an invalid length.","Le numéro de carte inséré a une longueur invalide."
"The given hmac key is empty.","La clé HMAC donnée est vide."
"The given identifier is empty.","L'identificateur donné est vide."
"The given password is empty.","Le mot de passe donné est vide."
"The given rang is empty. It must be a nummeric value with length of two.","Le champ 'rang' donné est vide. Il doit être une valeur nummerique avec une longueur de deux."
"The given rang is invalid. It must be a nummeric value with length of two.","Le champ 'rang' n'est pas valide. Il doit être une valeur numérique avec une longueur de deux."
"The given site number is empty.","Le nombre de site donné est vide."
"The hash key field is empty.","Le champ de clé de hash est vide."
"The hash verification failed.","Échec de la vérification du hash."
"The identifier as defined in the backoffice of Beanstream.","L'identifiant tel que défini dans le backoffice de Beanstream."
"The invoice could not be captured and processed by","La facture n'a pas pu être comptabilisée et traitée par Beanstream."
"The invoice could not be captured and processed. Reason:","La facture n'a pas pu être capturée et traitée. Raison:"
"The invoice could not be found.","La facture n'a pas été trouvée."
"The invoice has been changed.","La facture a été changé."
"The invoice no longer exists.","La facture n'existe plus."
"The layout does not contain the tag '!layout_tag'.","Le layout ne contient pas le mot-clé '!layout_tag'."
"The merchant ID will be provided by Beanstream. The merchant id can be found at the top of the page in the right corner.","L'ID de marchand sera fourni par Beanstream. L'identifiant de marchand peut être trouvé au sommet de la page dans le coin droit."
"The merchant ID will be provided by Beanstream. The merchant id can be found at the top of the page in the right corner. Used for CAD transactions.","L'ID de commerçant sera fourni par Beanstream. L'ID de commerçant se trouve en haut de la page à droite. Utilisé pour les transactions CAD."
"The merchant ID will be provided by Beanstream. The merchant id can be found at the top of the page in the right corner. Used for USD transactions.","L'ID de commerçant sera fourni par ___paymentServiceProviderName___. L'ID de commerçant se trouve en haut de la page à droite. Utilisé pour les transactions USD."
"The merchant Id field is empty.","Le champ pour le Merchant ID est vide."
"The merchant id field for currency @currency is empty.","Le champ pour le Merchant ID de devise @currency est vide."
"The next update execution date indicates when the next cron is run to update the transaction state.","La prochaine date d'exécution de mise à jour indique lorsque le cron suivant sera exécuté pour mettre à jour l'état de la transaction."
"The order is not fully completed. Please contact the store owner.","Le paiement ne peut être effectué."
"The parameters ""3DSIGNVAL"" was false.","Le paramètre ""3DSIGNVAL"" était faux."
"The payment failed.","Le paiement a échoué."
"The payment form will be displayed after submitting the order.","La forme de paiement sera affichée après avoir confirmé la commande."
"The payment has been accepted.","Le paiement a été accepté"
"The payment has been denied.","Le paiement a été refusé."
"The payment method !paymentMethodName does not support the currency '!currency'.","La méthode de paiement !paymentMethodName ne supporte pas la devise '!currency'."
"The payment method !paymentMethodName is not available in your country ('!country').","La méthode de paiement !paymentMethodName n'est pas disponible dans votre pays ('!country')."
"The payment update has been made.","La mise à jour de paiement a été effectué."
"The provided signature does not match with the one calculated.","La signature fournie ne correspond pas à celle calculée."
"The rang (PBX_RANG) as defined in the live backoffice of Beanstream. It must be nummeric value with length two. In the backoffice it may be displayed as a three char value. You must truncate the first digit.","Le champ 'rang' (PBX_RANG) tel que défini dans le backoffice de production de Beanstream. Il doit être nummeric avec deux caractères de long. Dans le backoffice il peut être affiché comme trois caractères. Vous devez tronquer le premier chiffre."
"The refund item with SKU '@sku' has a higher amount (@amountItem) as the original item (@amountOriginal).","L'article de remboursement avec SKU '@sku' a un montant plus élevé (@amountItem) comme l'article d'origine (@amountOriginal)."
"The refund item with SKU '@sku' is not present in the original order.","L'article de remboursement avec SKU '@sku' n'est pas présent dans la commande originale."
"The refunding could not be conducted. Error code: !error.","Le remboursement n'a pas pu être réalisé. Code d'erreur: !error."
"The refunding failed with error !code and the message !message.","Le remboursement a échoué avec l'erreur !code et le message !message."
"The shopping cart has been altered!","Le panier a été changé!"
"The signature could not be verified.","La signature ne peut pas être vérifiée."
"The site id (PBX_RANG) as defined in the backoffice of Beanstream.","L'identifiant du site (PBX_RANG) tel que défini dans le backoffice de Beanstream."
"The total refund amount (!totalRefundedAmount) cannot be greater than the captured amount (!capturedAmount).","Le montant total du remboursement (!totalRefundedAmount) ne peut pas être supérieur à la quantité capturée (!capturedAmount)."
"The transaction cannot be cancelled online.","La transaction ne peut être annulée en ligne."
"The transaction cannot be captured online.","La transaction ne peut être capturée en ligne"
"The transaction cannot be refunded online.","La transaction ne peut être remboursé en ligne."
"The transaction failed with error code !code.","L'opération a échoué avec le code d'erreur: !code."
"The transaction is only executed in the test system. The goods should not be delivered.","La transaction a est exécutée uniquement dans le système de test. Les produits ne doivent pas être livrés."
"The whole transaction is cancelled.","Toute la transaction a été annulée."
"There has been a problem during the processing of your payment.","Il y a eu un problème lors du traitement de votre paiement."
"There has been a problem during the processing of your payment. Please contact the shop owner to make sure your order was placed successfully.","Il ya eu un problème lors du traitement de votre paiement. Veuillez contacter le propriétaire de la boutique pour vous assurer que votre commande a été placée avec succès."
"There is a problem with your license. Please contact us (www.sellxed.com/support). Reason: %1","Il y a un problème avec votre licence. S'il vous plaît nous (www.sellxed.com/support) contacter. Raison: %1"
"There is a problem with your license. Please contact us (www.sellxed.com/support). Reason: %s","Il y a un problème avec votre licence. S'il vous plaît contactez-nous (www.sellxed.com/support). Raison: %s"
"There is already a customer registered using this email address. Please login using this email address or enter a different email address to register your account.","Il y a déjà un client enregistré avec cette adresse e-mail. Connectez-vous à l'aide de cette adresse ou insérez une adresse e-mail différente pour l'enregistrer votre compte."
"There seems to be a problem with the Beanstream module.","Il semble avoir un problème avec le module de Beanstream."
"There was an error validating the login and password.","ll y eu une erreur pendant la validation du login et du mot de passe."
"This URL has to be placed in the backend of Beanstream under administration > account settings > order settings > Response Notification > Payment Gateway.","Cette URL doit être placée dans le backend de Beanstream sous Administration > Account settings > Order settings > Response Notification > Payment Gateway."
"This account is not confirmed. <a href=""%s"">Click here</a> to resend confirmation email.","Ce compte n'est pas confirmé. <a href=""%s"">Cliquez ici</a> pour renvoyer l'email de confirmation."
"This is a brief instruction of the main and most important installation steps, which need to be performed when installing the Beanstream module. For detailed instructions regarding additional and optional settings, please refer to the enclosed instructions in the zip.","Ceci est une brève instruction des étapes de l'installation, qui doivent être effectuées lors de l'installation du module Beanstream. Pour obtenir des instructions détaillées concernant les paramètres supplémentaires et optionnels, veuillez vous référer aux instructions dans le zip du module."
"This password is used for recurring payments and for the alias manager as well as for the server authorization. This is the password of the Beanstream account.","Ce mot de passe est utilisé pour les paiements récurrents et pour la gestion des alias, ainsi que pour l'autorisation du serveur. C'est le mot de passe du compte Beanstream."
"This setting can be used to activate resp. deactivate the 3D secure check. Please check with PayBox if you are allowed to deactivate the 3D secure check. This setting has only an effect when you use the payment page.","Ce setting peut être utilisé pour activer ou désactiver le contrôle 3D Secure. Veuillez vérifier avec PayBox si vous êtes autorisé à désactiver le contrôle 3D Secure. Ce paramètre aura seulement un effet que si vous utilisez la page de paiement."
"This status is set, when the payment was successfull and it is authorized.","Cet état est défini, lorsque le paiement a été un succès et il est autorisé."
"This transaction is already closed for further captures.","Cette transaction a déjà été fermée pour plus de comptabilisations."
"This transaction is already closed for further refunds.","Cette transaction a déjà été fermée pour d'autres remboursements."
"This transaction no longer exists.","Cette transaction n'existe plus."
"Timeout for pending payments (min)","Timout pour les paiements en attente (min.)"
"Titel","Titre"
"Title","Titre"
"Title of the payment method","Nom de la méthode de paiement"
"Total","Total"
"Total Shipping Charges","Total des frais d'expédition"
"Track order history","Suivi de la commande"
"Transaction","Transaction"
"Transaction Authorized","Transaction autorisée"
"Transaction Cancelled","Transaction annulée"
"Transaction Captured","Transaction comptabilisée"
"Transaction History","Relevé des opérations"
"Transaction Id","Transaction ID"
"Transaction Paid","Transacion payée"
"Transaction Uncertain","La transaction est incertaine"
"Transaction Updates","Mises à jour pour les transactions"
"Transaction cancelled successfully","La transaction a été annulée"
"Transaction captured successfully","Transaction capturé avec succès"
"Transaction history","Historique de transactions"
"Transaction was authorized over the deferred authorization mechanism.","L'opération a été autorisée avec le mécanisme d'autorisation différé."
"Transactions","Transactions"
"Unable to save the invoice.","Impossible d'enregistrer la facture."
"Uncertain Status","Statut incertain"
"Uncertain transactions","Transactions incertaines"
"Update","Mettre à jour"
"Update Qty's","Ajuster la quantité"
"Update interval for payments","Interval de l'actualisation pour paiements via API"
"Use Base Currency","Utiliser devise de base"
"Use Default","Utilisez les paramètres standard"
"Use base currency","Utiliser la devise de base"
"VISA","VISA"
"Validation","Valider"
"Version","Version"
"View","Afficher"
"Wait On Success Page","Attendre sur la page de la réussite"
"We cannot get the transaction instance.","Nous ne pouvons pas établir une transaction."
"We experienced a problem with your sellxed payment extension. For more information, please visit the configuration page of the plugin.","Il y a un problème avec votre module de paiement sellxed. Pour plus d'informations, veuillez visiter la page d'informations du plugin."
"When the store is not available (network outage, server failure or any other outage), when the feedback of Beanstream is sent, then the transaction state is not updated. Hence no order confirmation e-mail is sent and the order is not in the paid state. By activating the transaction update, such transactions can be authorized later over direct link. To use this feature the update service must be activated and the API username and the API password must be set.","Lorsque la boutique n'est pas disponible (panne de réseau, une panne de serveur ou de toute autre panne), après le retour de Beanstream envoyé,  le statut de la transaction ne sera pas mis à jour. Par conséquent, aucune confirmation de commande sera envoyé par e-mail et la commande n'aura pas le statut payé. En activant la mise à jour de la transaction, ces opérations peuvent être autorisées plus tard sur la liaison directe. Pour utiliser cette fonction, le service de mise à jour doit être activé et le nom d'utilisateur de l'API et le mot de passe de l'API doit être aussi configuré."
"When using an external checkout, the customer can either be asked to chose an option to authenticate (as guest, register or login) or he can always be checked out as guest. For the second option to work, guest checkout has to be enabled in magento.","Lorsque vous utilisez une commande externe, le client peut soit sélectionner une option d'authentification (en tant qu'invité, inscription ou login) ou il peut toujours être vérifié en tant qu'invité. Pour la deuxième option, guest checkout doit être activé chez Magento."
"Year","Année"
"Yes","Oui"
"Yes, use images for the brand selection.","Oui, utiliser des images pour la sélection du type."
"You can allow the customers to manage/delete their aliases in the their account.","Vous pouvez permettre aux clients de gérer / supprimer leurs alias dans leur compte."
"You can decide on the order status new orders should have after they are processed successfully.","Spécifiez le statut de la commande pour les nouvelles commandes qui ont été traitées avec succès."
"You can decide on the order status new orders should have that have an uncertain authorization status.","Spécifiez le statut de la commande pour les nouvelles commandes avec un statut d'autorisation incertain."
"You can specify the order status for new orders that have an uncertain authorisation status.","Vous pouvez spécifier le statut de la commande pour les nouvelles commandes qui ont un statut d'autorisation incertain."
"You can specify the order status for orders that are captured either directly after the order or manually in the backend.","Vous pouvez spécifier le statut de la commande pour les commandes qui sont capturés soit directement après la commande ou manuellement depuis le backend."
"You can specify the order status when an order is cancelled.","Vous pouvez spécifier le statut de la commande quand une commande est annulée."
"You created the order.","Vous avez créé la commande."
"You have no stored aliases.","Vous n'avez pas d'alias."
"You have to enter a card number.","Vous devez insérer le numéro de carte."
"You have to enter bank code of your bank.","Il faut insérer le code banquaire de votre banque."
"You have to enter commercial number of you company.","Il faut insérer le numéro de commerce de votre entreprise."
"You have to enter either the CVC code or the issue number of your card.","Vous devez insérer le code CVC ou le numéro de série de votre carte."
"You have to enter sales tax number of you company.","Vous devez insérer le numéro de la taxe de vente de votre entreprise."
"You have to enter sales tax number of your company.","Vous devez insérer le numéro de la taxe de vente de votre entreprise."
"You have to enter the BIC.","Vous devez saisir le code BIC."
"You have to enter the CVC code from your card.","Vous devez insérer le code CVC de votre carte."
"You have to enter the IBAN.","Il faut insérer l'IBAN du compte banquaire"
"You have to enter the account holder name on the card.","Vous devez insérer le nom du titulaire de la carte."
"You have to enter the account holder name.","Veuillez insérer ici le nom du titulaire de la carte."
"You have to enter the card holder name on the card.","Vous devez insérer le titulaire de la carte."
"You have to enter the location of your bank.","Vous devez insérer le lieu de votre banque."
"You have to enter the name of the account owner.","Vous devez insérer le titulaire de compte"
"You have to enter the name of your bank.","Vous devez insérer le nom de votre banque."
"You have to enter your IBAN Number.","Il faut insérer l'IBAN du compte banquaire"
"You have to enter your bank account number.","Veuillez insérer l'IBAN de votre compte banquaire."
"You have to enter your social security number.","Veuillez insérer votre numéro de sécurité sociale."
"You may choose one of the cards you paid before on this site.","Vous pouvez choisir parmi les cartes utilisées précédemment:"
"You may choose one of your stored payment details.","Sélectionnez l'une des informations de paiement enregistrées pour le paiement"
"You will be redirect to the order confirmation page.","Vous allez être redirigé vers la page de confirmation de commande."
"Your browser does not allow the execution of JavaScript. Please activate JavaScript in your browser and reload this page.","Votre navigateur ne permet pas l'exécution de JavaScript. Veuillez activer JavaScript dans votre navigateur et recharger cette page."
"BeanstreamCw Aliases","BeanstreamCw Alias"
"____paymentMethodName____","____paymentMethodName____"
"Beanstream Aliases","Alias Beanstream"
"Beanstream Error","Erreur de Beanstream"
"Beanstream Parameters","Beanstream Paramètres"
"Beanstream Refund Items","Beanstream _ remboursement articles"
"Beanstream Section","Section Beanstream"
"Beanstream Transactions","Transactions de Beanstream"
"Beanstream:","Beanstream:"
"Beanstream: Alias Management","Beanstream: Gestion des Alias"
"customweb ltd","customweb ltd"
"no","no"
"or","ou"
"yes","Oui"
